# bpm	bsc	adv	ext	title	artist
45.0	5.0	7.0	9.8	Pee-wee Boogie	ARM
50.0	3.0	8.0	9.9	Fox4-Raize-	Getty vs. DJ DiA
61.0	5.0	8.0	9.7	嘆きの樹 (BEMANI SYMPHONY Arr.)	金獅子 × Nagiha & Osamu Kubota + gaQdan
69.0	2.0	3.0	5.0	風になりたい	THE BOOM
69.0	3.0	7.0	8.0	カーニバる？	ナオト・インティライミ
70.0	3.0	5.0	9.1	飽和世界	猫叉Master
70.0	4.0	7.0	10.5	Puberty Dysthymia	BEMANI Sound Team "person09"
72.0	2.0	6.0	9.6	華麗なる！音戯探偵ひなビタ♫	音戯探偵ひなビタ♫
80.0	2.0	5.0	7.0	遠く遠く離れていても…	日向美ビタースイーツ♪
80.0	3.0	6.0	9.7	ハンガリー舞曲 第5番 (jubeat version)	H.D.5 Orchestra
82.0	3.0	4.0	6.0	粉雪	レミオロメン
83.0	4.0	9.2	10.3	Slluuddggee	Hommarju
84.0	1.0	4.0	5.0	LANA - ココロノキオク -	TOMOSUKE×Jazzin'park
84.0	2.0	5.0	7.0	LANA - キロクノカケラ - [ 2 ]	TOMOSUKE×Jazzin'park
84.0	3.0	6.0	7.0	LANA - キロクノカケラ -	TOMOSUKE×Jazzin'park
85.0	2.0	5.0	7.0	花のやくそく	日向美ビタースイーツ♪
85.0	3.0	5.0	9.1	妖隠し -あやかしかくし-	DJ TOTTO feat.3L
86.0	4.0	6.0	9.6	nostos	Setaria Virtuoso
87.0	1.0	3.0	5.0	フレーフレーわたし	足立佳奈
87.0	2.0	5.0	8.0	高嶺の花子さん	back number
88.0	3.0	7.0	9.0	ミラクル・スイート・スイーツ・マジック！！	日向美ビタースイーツ♪
90.0	1.0	3.0	6.0	Initial song	40mP
90.0	3.0	5.0	7.0	A Perfect Sky	BONNIE PINK
90.0	3.0	8.0	9.6	STULTI	MAX MAXIMIZER VS DJ TOTTO
90.0	6.0	10.3	10.6	Couleur=Blanche	#FFFFFF
90.0	7.0	9.2	10.6	JOMANDA	DJ YOSHITAKA
92.0	1.0	3.0	8.0	Pretender	Official髭男dism
92.0	1.0	5.0	6.0	とってもとっても、ありがとう。	日向美ビタースイーツ♪
92.0	2.0	5.0	7.0	空言の海 ～咲子 edition～	日向美ビタースイーツ♪
92.0	5.0	8.0	10.1	Everlasting Message (BEMANI SYMPHONY Arr.)	ぺのれり × Osamu Kubota + gaQdan
93.0	5.0	8.0	10.6	POLICY BREAK Medley from SOUND VOLTEX×jubeat	United Composers from jubeat
94.0	1.0	4.0	6.0	クラゲファンタジーソーダ	日向美ビタースイーツ♪
94.0	2.0	5.0	6.0	キセキ	GReeeeN
94.0	2.0	5.0	7.0	キセキ [ 2 ]	GReeeeN
95.0	2.0	4.0	8.0	砂の惑星 feat.初音ミク	ハチ
95.0	4.0	7.0	10.2	Sahara	Hommarju
96.0	1.0	4.0	6.0	打上花火	DAOKO×米津玄師
96.0	2.0	5.0	7.0	Lovin' Life	FUNKY MONKEY BABYS
96.0	2.0	5.0	8.0	Endless Chain～2人でトリガーをひこう～	私立BEMANI学園軽音楽部
96.0	2.0	7.0	8.0	大藝術家 -The Great Artist-	蔡依林 -Jolin Tsai-
96.0	2.0	7.0	9.0	椀・of・Relaxation	A応P
98.0	1.0	4.0	6.0	素直になれたら	JUJU
98.0	2.0	4.0	8.0	あおばの足音	駄菓子O型
100.0	2.0	7.0	8.0	Lost Boy	SEAMO
100.0	3.0	6.0	9.3	IGNITE THE IRON HEART	BEMANI Sound Team "L.E.D."
100.0	4.0	7.0	9.3	starmine (BEMANI SYMPHONY Arr.)	Ryu☆ × デビン木下 + gaQdan
100.0	4.0	7.0	9.4	たたえよ！絶対覇権アリーシャ帝国	Blanc Bunny Bandit
100.0	5.0	8.0	10.7	ピアノ独奏無言歌 "灰燼"	BEMANI Sound Team "Virkato Wakhmaninov"
102.0	2.0	3.0	5.0	こんなに近くで…	Crystal Kay
102.0	2.0	7.0	8.0	廻る季節のゆく先に	中島由貴
103.0	1.0	5.0	8.0	Sunshine Girl	moumoon
103.0	2.0	5.0	8.0	愛する覚悟	シシド・カフカ
104.0	2.0	6.0	9.2	さよなら世界 (BEMANI SYMPHONY Arr.)	猫叉Master Arranged by ござ
105.0	1.0	6.0	8.0	ETERNAL BLAZE	水樹奈々
105.0	2.0	4.0	6.0	I'M IN THE MOOD FOR DANCING	Nolans
105.0	2.0	5.0	8.0	変わりゆく時間とノスタルジアと	あずときだしゅんすけ
105.0	3.0	6.0	8.0	ANTI-HERO	SEKAI NO OWARI
105.0	3.0	8.0	9.7	アイネクライネ	→Pia-no-jaC←
105.0	5.0	8.0	9.7	Passion	KAN TAKAHIKO
106.0	1.0	5.0	7.0	マリーゴールド	あいみょん
106.0	2.0	6.0	8.0	Flying Soda	猫叉Master feat.林ももこ
106.0	3.0	6.0	9.3	ディアブロ	水曜日のカンパネラ
106.0	4.0	7.0	9.7	追憶のアラウカリア	Cororo
107.0	2.0	5.0	8.0	人生は素晴らしい物語。(Dear Japan Remix)	ハジ→
107.0	3.0	7.0	9.8	Crosswind	Mutsuhiko Izumi
108.0	2.0	4.0	7.0	一色	NANA starring MIKA NAKASHIMA
108.0	2.0	6.0	8.0	じもとっこスイーツ♪	ホララ・ホリック with 日向美ビタースイーツ♪
108.0	2.0	7.0	8.0	GyaShan	Lollipop
109.0	2.0	5.0	6.0	YELL ～エール～	コブクロ
109.0	4.0	6.0	8.0	Summer Holiday	達見 恵 featured by 佐野宏晃
110.0	1.0	3.0	4.0	Good bye little girl	Mi
110.0	1.0	6.0	8.0	アンビリーバボー feat.TAKUYA	mihimaru GT
110.0	2.0	5.0	8.0	空の飛び方	日向美ビタースイーツ♪
110.0	3.0	5.0	6.0	とびっきりのふわっふわ	日向美ビタースイーツ♪
110.0	3.0	5.0	7.0	sweet sweet everytime sweet	海老名菜々（CV:影山灯）
110.0	3.0	6.0	8.0	Silent Scream	Akira Yamaoka, Mary Elizabeth McGlynn
110.0	3.0	7.0	9.3	妄想感傷代償連盟	DECO*27
110.0	3.0	8.0	9.0	纒	ET-KING
111.0	1.0	5.0	7.0	ちっぽけな勇気	FUNKY MONKEY BABYS
111.0	3.0	6.0	8.0	サヨナラ・ヘヴン	猫叉Master
111.0	3.0	7.0	9.3	サヨナラ・ヘヴン (BEMANI SYMPHONY Arr.)	猫叉Master × Morrigan feat.Lily + gaQdan
111.0	3.0	8.0	10.4	サヨナラ・ヘヴン [ 2 ]	猫叉Master
112.0	2.0	8.0	9.0	INFORMER	lecca
112.0	3.0	5.0	9.0	LUCKY-YO!!	だいやぁ☆もんど
112.0	3.0	7.0	8.0	HALLUCINATION	UZUMAKI
112.0	4.0	7.0	9.7	Evans ～NOSTALGIA Ver. ～	DJ YOSHITAKA Arranged by まらしぃ
113.0	1.0	4.0	7.0	倉野川音頭	日向美ビタースイーツ♪＆ひなちくん
113.0	2.0	5.0	8.0	From⑨Girl	uno (IOSYS) × 越田Rute隆人&あき (A-One)
113.0	2.0	6.0	8.0	がんばれゴエモン　～ ビーストメドレー ～	96
114.0	1.0	5.0	8.0	スミスえかきうた	jubeat staff
115.0	2.0	6.0	9.0	Catch Me	DJ Yoshitaka feat. Eri
115.0	3.0	7.0	9.0	FIGHTERS	三代目 J Soul Brothers
115.0	3.0	7.0	10.2	December in Strasbourg	nana(Sevencolors) feat. Mana
115.0	3.0	8.0	9.8	新蛇姫	BEMANI Sound Team "U1-ASAMi"
116.0	2.0	6.0	8.0	変じゃない!!	good-cool ft. すわひでお
116.0	3.0	6.0	8.0	Pink Rose	Kiyommy＋Seiya
116.0	3.0	6.0	9.0	Pink Rose [ 2 ]	Kiyommy＋Seiya
117.0	2.0	6.0	8.0	Alba	須田景凪
118.0	1.0	4.0	7.0	おにぎりディスコ	Blanc Bunny Bandit
118.0	3.0	5.0	8.0	Real Clothes<Album Mix>	Jazztronik
118.0	3.0	6.0	8.0	温故知新でいこっ！	日向美ビタースイーツ♪
119.0	3.0	6.0	9.5	幸せのかたち	あさき
120.0	2.0	5.0	7.0	Control	kary ng
120.0	2.0	5.0	8.0	CHEAT DANCER - short ver -	X.I.P.
120.0	2.0	6.0	8.0	Whatever	SOULHEAD
120.0	3.0	6.0	7.0	Share The World	東方神起
120.0	3.0	6.0	8.0	夏にキスしていいですか？	アルスマグナ
120.0	3.0	7.0	8.0	ウィリアム・テル序曲	W.T. Orchestra
120.0	3.0	7.0	9.8	Stella Sinistra	Akhuta Philharmonic Orchestra
120.0	3.0	7.0	10.2	恋歌疾風！かるたクイーンいろは	ねこまんまチーム！
120.0	3.0	8.0	9.7	Baroque Hoedown	Perrey&Kingsley
120.0	4.0	5.0	8.0	Parachute	トクマルシューゴ
120.0	5.0	8.0	10.4	Dragon Blade	Kozo Nakamura
121.0	2.0	7.0	8.0	MR.アンディ	UNISON SQUARE GARDEN
121.0	3.0	5.0	7.0	翡翠の狼	米津玄師
121.0	3.0	7.0	8.0	Love Train	Marin&Riena
121.0	3.0	7.0	9.1	Shadow and Truth	ONE III NOTES
121.0	4.0	6.0	8.0	LOSER	米津玄師
122.0	2.0	4.0	6.0	BLUE BIRD	浜崎あゆみ
122.0	2.0	5.0	6.0	明日ハレルヤ！	岡本真夜×大橋卓弥(fromスキマスイッチ)
122.0	2.0	5.0	7.0	完全無欠の無重力ダイブ	日向美ビタースイーツ♪
122.0	5.0	8.0	9.6	Mirage of the Mirror	SHAMDEL
123.0	2.0	5.0	7.0	Y.M.C.A.	VILLAGE PEOPLE
123.0	2.0	6.0	8.0	サマータイム	DigiCut
123.0	3.0	6.0	7.0	neko*neko	日向美ビタースイーツ♪
123.0	3.0	6.0	8.0	Metric	Hommarju
123.0	3.0	7.0	9.8	In the Breeze	96 & Sota ft. Mayumi Morinaga
124.0	2.0	5.0	8.0	Dragon Night	SEKAI NO OWARI
124.0	3.0	5.0	8.0	Synchronized Love J Rap Jam	ジョー・リノイエ
124.0	3.0	6.0	9.0	Dragon Night [ 2 ]	SEKAI NO OWARI
124.0	3.0	7.0	9.0	↑↑↓↓←→←→BA	meiyo
125.0	2.0	4.0	7.0	Runner	爆風スランプ
125.0	2.0	6.0	8.0	Spring Rouge	izna
125.0	2.0	7.0	9.3	バッドエンド・シンドローム (BEMANI SYMPHONY Arr.)	アリスシャッハと魔法の楽団 × onoken + gaQdan
125.0	3.0	4.0	5.0	負けないで	ZARD
125.0	3.0	5.0	8.0	Juicy	kors k Lovers DJ Yoshitaka
125.0	3.0	6.0	8.0	Che Che Chelip～魔法のコトバ～	Chelip
125.0	4.0	7.0	9.6	Vanity	Vivian
125.0	4.0	7.0	10.0	ダイナマイト	→ Pia-no-jaC ←
125.0	5.0	8.0	10.3	ムラサキグルマ	ここなつ Produced by はるなば
126.0	2.0	6.0	7.0	Silent Story	発熱巫女～ず
126.0	2.0	7.0	8.0	Haru Haru	BIGBANG
126.0	3.0	7.0	9.7	CUTIE	KO3
127.0	1.0	6.0	8.0	WAVES; Q;indivi+WISE	Q;indivi＋
127.0	2.0	5.0	8.0	ひかり	KREVA
127.0	4.0	7.0	9.2	ハッピーシンセサイザ	EasyPop
128.0	1.0	6.0	8.0	Garden of Love	MAKAI feat.青山テルマ
128.0	2.0	4.0	6.0	サンキュー。	大原櫻子
128.0	2.0	4.0	7.0	NANIMONO（feat.米津玄師）	中田ヤスタカ
128.0	2.0	5.0	7.0	僕らの永遠～何度生まれ変わっても、手を繋ぎたいだけの愛だから～	WEAVER
128.0	2.0	6.0	7.0	CARTOON HEROES	Aqua
128.0	2.0	6.0	8.0	ダンデライオン	BUMP OF CHICKEN
128.0	2.0	6.0	9.0	タンクトップは似合わない	ONIGAWARA
128.0	2.0	7.0	8.0	INVISIBLE WORLD	SILKY F
128.0	2.0	7.0	9.4	情熱大陸	葉加瀬太郎
128.0	2.0	7.0	9.6	ATRAX	BEMANI Sound Team "HuΣeR"
128.0	3.0	4.0	5.0	太陽の地図	MISIA
128.0	3.0	5.0	6.0	PONPONPON	きゃりーぱみゅぱみゅ
128.0	3.0	5.0	8.0	HEART BEAT	加藤ミリヤ
128.0	3.0	6.0	8.0	雑草	HIKAKIN & SEIKIN
128.0	3.0	6.0	9.6	ROCK THE PARTY	BEMANI Sound Team "KE!JU"
128.0	3.0	7.0	9.0	PRIME TIME	capsule
128.0	3.0	7.0	9.7	Vampire Killer	浅田 靖
128.0	3.0	7.0	9.8	ZIGZAG COWBOY	BEMANI Sound Team "劇団レコード"
128.0	3.0	8.0	9.0	FANTASTIC★DREAMER feat.SO-TA,Rhyzm Horse,Yoonji	MAYA feat.SO-TA,Rhyzm Horse,Yoonji
128.0	3.0	8.0	9.8	恋はどう？モロ◎波動OK☆方程式！！	あべにゅぅぷろじぇくと feat.佐倉紗織 produced by ave;new
128.0	4.0	5.0	6.0	Special One	kors k feat. Suzuyo Miyamoto
128.0	4.0	6.0	7.0	newsong	tacica
128.0	4.0	6.0	8.0	トラヴェルマシン	ヒルクライム
128.0	4.0	8.0	9.3	Chronos	TAG
128.0	4.0	8.0	9.5	情熱大陸 [ 2 ]	葉加瀬太郎
128.0	4.0	8.0	10.5	Crazy Shuffle	Yooh
128.0	5.0	8.0	9.7	Chronos [ 2 ]	TAG
128.0	5.0	9.8	10.7	Wowie Zowie!	Hommarju
129.0	2.0	7.0	8.0	マジLOVE1000%	ST☆RISH
130.0	1.0	5.0	7.0	にんじゃりばんばん	きゃりーぱみゅぱみゅ
130.0	1.0	5.0	9.0	エジソン	水曜日のカンパネラ
130.0	2.0	4.0	7.0	ユメイロコンパス	fourfolium
130.0	2.0	5.0	7.0	だから一歩前へ踏み出して	Hi-Fi CAMP
130.0	2.0	5.0	8.0	Happy Happy	ki☆ki
130.0	2.0	5.0	9.0	JINGO JUNGLE （Big Room Mix）	Remixed by BEMANI Sound Team "Sota Fujimori" feat.Nana Takahashi
130.0	2.0	5.0	9.1	ステラレギア	ここなつ2.0
130.0	2.0	6.0	8.0	きみはキョンシー RAM RIDER REMIX	シトラスラベンダー
130.0	2.0	7.0	8.0	メンドクサイ愛情	大島麻衣
130.0	3.0	4.0	8.0	あいのうた	肥塚良彦
130.0	3.0	5.0	7.0	Cake House (Korean.Ver)	TENSI LOVE
130.0	3.0	6.0	7.0	MIND SHIFT	WORLD ORDER
130.0	3.0	6.0	8.0	Musical Messenger	九州男
130.0	3.0	6.0	9.0	ジャパンパン～日本全国地元化計画～	C&K
130.0	3.0	7.0	8.0	On and On	中塚武
130.0	3.0	7.0	9.0	Kiss & Ride	中塚武
130.0	3.0	7.0	9.2	脳みそ夫体操メインテーマ	脳みそ夫
130.0	3.0	7.0	9.3	Ahead Of The Light	MIYAVI
130.0	3.0	7.0	9.7	VIKING SHIP	BEMANI Sound Team "劇団レコード"
130.0	3.0	7.0	9.8	チュッチュ♪マチュピチュ	ななひら,Nana Takahashi,猫体質 by BEMANI Sound Team "劇ダンサーレコード"
130.0	4.0	5.0	8.0	我が麗しのバレンシア	劇団レコード feat. Mille Face
130.0	4.0	6.0	8.0	Golden House	bma群星
130.0	4.0	6.0	9.4	ネハン	Somari
130.0	4.0	6.0	9.5	Six String Proof	BEMANI Sound Team "Yvya × Mutsuhiko Izumi"
130.0	4.0	7.0	8.0	come again	m-flo
130.0	4.0	7.0	9.7	prop the world	S-C-U
130.0	4.0	8.0	9.8	Concertino in Blue	佐々木博史
130.0	5.0	8.0	9.8	Holy Snow	Mutsuhiko Izumi
131.0	1.0	5.0	8.0	ロボットハニー	Aira Mitsuki
131.0	2.0	6.0	8.0	バカサバイバー	ウルフルズ
131.0	2.0	7.0	8.0	paparuwa	Fantastic Plastic Machine
131.0	3.0	4.0	5.0	Real voice	絢香
131.0	3.0	4.0	6.0	FREE FREE	鈴木亜美 joins 中田ヤスタカ(capsule)
131.0	4.0	6.0	8.0	Starlight Parade	肥塚良彦
132.0	2.0	5.0	7.0	Show up ! - short ver -	3 Majesty
132.0	2.0	5.0	9.0	You and Me / Punk	加藤浩義
132.0	2.0	6.0	8.0	BRANDNEW DAYS	Purple Days
132.0	2.0	6.0	9.0	川崎純情音頭	川崎純情小町☆
132.0	2.0	6.0	10.4	Beyond the BLUE	Asato × sak × 田島千種
132.0	3.0	6.0	8.0	陽炎 -movie version-	サカナクション
132.0	3.0	6.0	9.1	シュガーソングとビターステップ	UNISON SQUARE GARDEN
132.0	3.0	6.0	9.2	Virus Funk	Nhato
132.0	3.0	6.0	9.6	CRAZY ARTS	FAKE TYPE.
132.0	3.0	6.0	9.7	candii	八王子P
132.0	3.0	7.0	9.1	片目で異常に恋してる	ジェニーハイ
132.0	4.0	6.0	8.0	アルクアラウンド	サカナクション
132.0	4.0	6.0	9.0	やさしくなりたい	斉藤和義
132.0	4.0	7.0	9.6	Caribbean Coast	BEMANI Sound Team "劇団レコード"
132.0	4.0	7.0	9.7	朝色の紙飛行機	かめりあ
132.0	5.0	8.0	9.7	Towards the TOWER	SHAMDEL
133.0	1.0	5.0	8.0	鏡に恋して	礼賛
133.0	2.0	5.0	6.0	全力少年	スキマスイッチ
133.0	2.0	5.0	7.0	アンビリーバーズ	米津玄師
133.0	2.0	7.0	8.0	NEU!	√thumm
133.0	2.0	8.0	9.8	Dance My Generation	ゴールデンボンバー
133.0	3.0	5.0	7.0	流星ダンスフロア	ORESAMA
133.0	3.0	7.0	8.0	さよならトリップ	Dormir
133.0	3.0	7.0	9.5	Love 2 Shuffle	BEMANI Sound Team "Sota F." feat. Starbitz
133.0	3.0	7.0	9.7	Over “Quartzer”	Shuta Sueyoshi feat. ISSA
134.0	1.0	4.0	6.0	LOVE YOU	Q;indivi
134.0	1.0	6.0	9.1	6次の隔たり	BEMANI Sound Team "Sota F. Remixed by Coyaan"
134.0	2.0	5.0	6.0	ひだまりデイズ	妹S
134.0	2.0	5.0	7.0	Take Your Way	livetune adding Fukase(from SEKAI NO OWARI)
134.0	2.0	5.0	8.0	シャイン	宮野真守
134.0	2.0	6.0	8.0	キラキラ☆	Mizca
134.0	3.0	6.0	8.0	きょうもハレバレ	ふわりP Feat. GUMI's
134.0	4.0	6.0	9.3	斑咲花	mami,駄々子 by BEMANI Sound Team "Akhuta Works"
134.0	4.0	7.0	9.6	SWEET HOME PARTY	劇団レコード
135.0	1.0	5.0	6.0	RPG	SEKAI NO OWARI
135.0	2.0	4.0	7.0	SUSHI食べたいfeat.ソイソース	ORANGE RANGE
135.0	2.0	5.0	7.0	ブルー・フィールド	Trident (渕上 舞・沼倉愛美・山村 響)
135.0	2.0	5.0	8.0	MATATABISTEP	パスピエ
135.0	2.0	5.0	9.0	Glorious days	GRANRODEO
135.0	2.0	6.0	8.0	MirrorDance	androp
135.0	2.0	6.0	9.0	Reflection	加藤浩義
135.0	3.0	5.0	8.0	HeartLatte	TnyGinA
135.0	3.0	5.0	9.2	DANCE ALL NIGHT	Sota Fujimori
135.0	3.0	6.0	8.0	more more more	capsule
135.0	3.0	6.0	9.1	向日葵サンセット	ARM・まろん (IOSYS) × ランコ・パプリカ (豚乙女)
135.0	3.0	6.0	9.4	カラルの月	猫叉劇団
135.0	3.0	6.0	9.5	beyond the Ave.	BEMANI Sound Team "SYUNN"
135.0	3.0	6.0	10.4	sola [ 2 ]	小野秀幸
135.0	3.0	7.0	9.6	sola	小野秀幸
135.0	3.0	7.0	10.0	I miss you baby / Wizard	加藤浩義
135.0	4.0	6.0	8.0	鬼帝の剣	ALI PROJECT
135.0	4.0	7.0	9.3	カラルの月 [ 2 ]	猫叉劇団
135.0	4.0	7.0	9.5	50th Memorial Songs -Flagship medley-	BEMANI Sound Team
135.0	4.0	8.0	9.1	Get Off of My Way	MAN WITH A MISSON
135.0	5.0	7.0	8.0	50th Memorial Songs -Beginning Story-	BEMANI Sound Team
135.0	6.0	7.0	9.7	GIGA BREAK	96
135.0	6.0	10.1	10.2	Rejoin	BEMANI Sound Team "HuΣeR feat.PON"
136.0	1.0	5.0	8.0	Walkin',runnin',singin',fightin'	BREMEN
136.0	2.0	5.0	7.0	Be The One	PANDORA feat. Beverly
136.0	2.0	5.0	8.0	メモリーズ	ここなつ2.0
136.0	2.0	6.0	8.0	Sandstorm	Darude
136.0	3.0	5.0	7.0	My Precious	本場切絵（CV:白石晴香）
136.0	3.0	5.0	8.0	サブリナ	家入レオ
136.0	3.0	6.0	7.0	勝って泣こうゼッ!	T-Pistonz＋KMC
136.0	3.0	6.0	8.0	One Night Carnival	氣志團
136.0	3.0	7.0	8.0	拙者はSAMURAI FOOD	S-C-U a.k.a. Food Samurai × A応P
136.0	3.0	7.0	9.3	ルナティックモンスター	フーリンキャットマーク
136.0	3.0	7.0	9.4	アカリがやってきたぞっ	GYARI(ココアシガレットP)
136.0	3.0	7.0	9.5	Touch Me	BEMANI Sound Team "GekiReco & Sota F."
136.0	4.0	5.0	7.0	Scatman (Ski-Ba-Bop-Ba-Dop-Bop)	Scatman John
136.0	4.0	7.0	9.5	女言葉の消失	Sota Fujimori
136.0	4.0	8.0	10.3	nalca	onoken
136.0	6.0	9.0	10.1	50th Memorial Songs -The BEMANI History-	BEMANI Sound Team
137.0	1.0	3.0	6.0	レット・イット・ゴー～ありのままで～	松たか子
137.0	1.0	3.0	7.0	レット・イット・ゴー～ありのままで～ [ 2 ]	松たか子
137.0	1.0	5.0	7.0	あなたに恋をしてみました	chay
137.0	2.0	4.0	7.0	星に願いを	flumpool
137.0	2.0	5.0	8.0	HAPPY limelight	Qrispy Joybox feat.Megumi Tatsumi
137.0	2.0	6.0	9.4	Amazing Bomberman	TESSEI TOJO
137.0	3.0	5.0	7.0	PASSPORT	MEG
137.0	3.0	5.0	9.3	トウキョウ・シャンディ・ランデヴ	MAISONdes feat. 花譜, ツミキ
137.0	3.0	6.0	9.0	いっぽんでもニンジン	なぎらけんいち
137.0	3.0	7.0	10.0	アヤノトリ	BEMANI Sound Team "PHQUASE" feat.ななひら
137.0	4.0	6.0	8.0	Strawberry Chu♡Chu♡	ときめきアイドル project クッキーパラダイス
137.0	4.0	7.0	9.2	DEATH WORMHOLE	SOUND HOLIC feat.Nana Takahashi
138.0	2.0	4.0	8.0	Bad Apple!! feat. Nomico	Masayoshi Minoshima
138.0	2.0	5.0	8.0	GOOD LUCKY!!!!!	グッキー
138.0	2.0	6.0	7.0	STREET DANCER	SILKY F
138.0	2.0	6.0	9.0	dye it white	HaKU
138.0	3.0	5.0	8.0	幻想リフレクト	イルカブ
138.0	3.0	5.0	9.2	Too Late Snow	movies（moimoi × Xceon × Dai.）
138.0	3.0	6.0	8.0	SHINE×SHINE×SHINE×SHINE	エイプリルズ
138.0	3.0	6.0	9.5	Gimme a Big Beat	kors k
138.0	4.0	9.2	10.5	Too Late Snow [ 2 ]	movies（moimoi × Xceon × Dai.）
138.0	5.0	8.0	9.6	万華鏡	Jimmy Weckl
139.0	1.0	4.0	7.0	POP STAR	平井堅
139.0	2.0	4.0	6.0	Love so sweet	嵐
139.0	3.0	6.0	8.0	かくしん的☆めたまるふぉ～ぜっ！	土間うまる（CV:田中あいみ）
139.0	3.0	7.0	9.0	切ないほど	ゴールデンボンバー
139.0	3.0	7.0	9.1	リバースユニバース	ナユタン星人
139.0	5.0	6.0	8.0	HOT LIMIT	HIGH and MIGHTY COLOR
140.0	1.0	6.0	8.0	君をのせて feat.sayurina	新井大樹
140.0	2.0	3.0	6.0	Kiss Kiss	Chris Brown featuring T-Pain
140.0	2.0	4.0	6.0	My Love	川嶋あい
140.0	2.0	5.0	7.0	PROMiSE	MiChi
140.0	2.0	5.0	8.0	Resurrection	Dormir
140.0	2.0	5.0	9.8	SWEET CUBE	Plazma
140.0	2.0	6.0	7.0	風一揆	風男塾
140.0	2.0	6.0	8.0	となりのトトロ feat.sayurina	新井大樹
140.0	3.0	5.0	6.0	魁！ミッドナイト	RIKI
140.0	3.0	5.0	7.0	ECO FIGHTER	入尾信充
140.0	3.0	5.0	8.0	ハム太郎とっとこうた（すーぱーとっとこみっくす）	Remixed by BEMANI Sound Team "DJ TOTTO" feat.ななひら
140.0	3.0	6.0	7.0	虚空と光明のディスクール	日向美ビタースイーツ♪
140.0	3.0	6.0	8.0	陽炎	星野奏子
140.0	3.0	6.0	9.0	マジLOVEレボリューションズ	ST☆RISH
140.0	3.0	6.0	9.3	君をのせて feat.sayurina [ 2 ]	新井大樹
140.0	3.0	6.0	9.5	Light Shine	Ryu☆
140.0	3.0	6.0	10.0	METROPOLIS	→Pia-no-jaC←
140.0	3.0	7.0	9.1	Din Don Dan	Ryu☆ feat.Mayumi Morinaga
140.0	3.0	7.0	9.4	ギャ・ギャ・ギャ・ギャラクシー！	つきみぐー、
140.0	3.0	7.0	9.6	怪獣大戦争	BEMANI Sound Team "桃山珍太郎"
140.0	3.0	7.0	9.8	歌の翼	あーたん
140.0	3.0	8.0	9.6	Timepiece phase II (BEMANI SYMPHONY Arr.)	佐々木博史 × bermei.inazawa + gaQdan
140.0	3.0	8.0	9.7	Idola (BEMANI SYMPHONY Arr.)	iconoclasm × 原口 大 + gaQdan
140.0	4.0	6.0	7.0	Shining Star	Sota Fujimori feat.Nagisa
140.0	4.0	6.0	8.0	亡国のヒストリア	劇団レコード
140.0	4.0	6.0	9.0	世界五分前仮説	有形ランペイジ
140.0	4.0	6.0	9.5	夏・KOI・ムッシュ!!	ビーチサンダルズ
140.0	4.0	6.0	9.8	Diargosの森	Mutsuhiko Izumi
140.0	4.0	8.0	9.5	すきなことだけでいいです	ピノキオピー
140.0	4.0	8.0	9.6	LUV CAN SAVE U	HIDEKI NAGANUMA
140.0	4.0	8.0	9.8	アドレナリン	U1 overground
140.0	5.0	6.0	8.0	bass 2 bass	Ryu☆
140.0	5.0	7.0	8.0	ミライプリズム(collaboration ver.)	ここなつ meets 日向美ビタースイーツ♪
140.0	5.0	7.0	9.4	流砂の嵐	劇団レコード
140.0	5.0	8.0	9.8	不可説不可説転	OSTER project
140.0	6.0	9.5	10.6	4x4 Parallel Universe	kamome sano
140.0	7.0	9.4	10.5	少年は空を辿る	Power Of Nature
141.0	2.0	5.0	7.0	愛をとりもどせ！！	クリスタルキング
141.0	2.0	6.0	8.0	夏祭り	ジッタリンジン
141.0	3.0	6.0	7.0	Dreamland。feat. RED RICE（from 湘南乃風）, CICO（from BENNIE K）	ハジ→
141.0	3.0	6.0	8.0	city talk	Half-Life
141.0	3.0	6.0	9.0	まぼろしウインク	A応P
141.0	3.0	6.0	9.5	野球の遊び方　そしてその歴史　～決定版～	あさき大監督
141.0	4.0	7.0	9.4	覚悟せよ！エンタンメ～ン ～より身の切り売り自暴自棄版～	マキシウキョウ
142.0	2.0	5.0	7.0	リーゼントブルース	RIKI
142.0	2.0	6.0	8.0	Everybody Say EDOGAWA	EDOist
142.0	2.0	6.0	9.6	MOVE! (We Keep It Movin')	Jonny Dynamite!,Lisa - paint with stars -,Rio Hiiragi by BEMANI Sound Team "U1-ASAMi"
142.0	2.0	6.0	10.0	POP TEAM EPIC	上坂すみれ
142.0	3.0	5.0	8.0	キライじゃないのぉ	まなみのりさ
142.0	3.0	6.0	8.0	嗶嗶嗶 -Bi Bi Bi-	謝金燕 -Jeannie Hsieh-
142.0	3.0	6.0	9.0	メギツネ	BABYMETAL
142.0	3.0	6.0	9.4	Nyan Cat	daniwellP feat. 桃音モモ
142.0	3.0	6.0	9.5	激闘保安官！DEMPA撲滅大作戦	ARM × かたほとり ft. ななひら
142.0	3.0	6.0	9.9	Condor	Remo-con
142.0	3.0	7.0	9.1	令和	ゴールデンボンバー
142.0	3.0	7.0	9.2	流砂の嵐 (BEMANI SYMPHONY Arr.)	劇団レコード Arranged by ござ
142.0	4.0	6.0	8.0	恋閃繚乱	2B-Waves
142.0	4.0	7.0	9.6	Analyse Katharsis	red glasses
142.0	4.0	8.0	10.2	Blue Sky	Sota F.
142.0	5.0	9.1	10.4	Caldwell 99	BlackY
143.0	2.0	4.0	7.0	ドリームメイカー	TRIPLANE
143.0	2.0	5.0	7.0	ごめんなさいのKissing You	E-Girls
143.0	2.0	5.0	8.0	紅空	lecca
143.0	2.0	5.0	9.3	衝動	HaKU
143.0	2.0	6.0	9.8	女々しくて [ 2 ]	ゴールデンボンバー
143.0	3.0	5.0	6.0	Follow Me	E-girls
143.0	3.0	6.0	8.0	only my railgun	fripSide
143.0	3.0	7.0	9.2	Kick It Out	ブンブンサテライツ
143.0	4.0	7.0	8.0	女々しくて	ゴールデンボンバー
143.0	4.0	7.0	9.6	maximum the hormone	マキシマム ザ ホルモン
143.0	7.0	9.2	10.4	Vermilion	Remo-con
144.0	1.0	4.0	6.0	キミ、メグル、ボク	秦 基博
144.0	2.0	4.0	6.0	抱いてセニョリータ	山下智久
144.0	2.0	5.0	8.0	Eternal Dream	BEMANI Sound Team "Coyaan"
144.0	3.0	6.0	8.0	夢有	Des-ROW・組
144.0	3.0	7.0	8.0	sister's noise	fripSide
144.0	3.0	8.0	10.0	StaRgAZER	BEMANI Sound Team "TAG"
144.0	4.0	7.0	8.0	天上の果て	マジックアカデミー管弦楽部×劇団レコード
144.0	5.0	6.0	9.5	アルストロメリア	TAG
144.0	5.0	8.0	10.8	Prayer	ぺのれり
145.0	1.0	4.0	6.0	My Sunshine	ROCK'A'TRENCH
145.0	1.0	5.0	7.0	Beautiful	Superfly
145.0	2.0	4.0	6.0	わくわくエブリデイ	白上フブキ・大神ミオ
145.0	2.0	4.0	7.0	ルミナスデイズ	ここなつ
145.0	2.0	5.0	7.0	つけまつける	きゃりーぱみゅぱみゅ
145.0	2.0	5.0	8.0	いーあるふぁんくらぶ	みきとP
145.0	2.0	5.0	9.3	恋をしたい、もう一度	デッドボールP feat.GUMI
145.0	2.0	6.0	8.0	いーあるふぁんくらぶ [ 2 ]	みきとP
145.0	2.0	6.0	10.3	JACK THE RIPPER feat. Iceon	猫大樹
145.0	3.0	5.0	7.0	We are チャリンコエンジェルス	浦安マリンエンジェルス
145.0	3.0	5.0	8.0	今	ET-KING
145.0	3.0	5.0	9.0	反撃	猫大樹
145.0	3.0	6.0	7.0	CAT'S EYE	杏里
145.0	3.0	6.0	8.0	eternal reality	fripSide
145.0	3.0	6.0	9.0	やんややんやNight ～踊ろよ和歌山～	ゴールデンボンバー
145.0	3.0	6.0	9.2	Freeway Shuffle	dj TAKA
145.0	3.0	6.0	9.8	In Scottish Highlands	Thomas Howard Lichtenstein
145.0	3.0	7.0	9.3	セツナトリップ	Last Note. feat. GUMI
145.0	4.0	6.0	9.6	デッドボヲルdeホームラン	猫叉Masterβ2
145.0	4.0	7.0	9.5	リカーシブ・ファンクション	OSTER Project
145.0	4.0	7.0	9.6	マホロバケーション	ももいろクローバーZ
145.0	4.0	7.0	10.2	freaky freak	kamome sano
145.0	4.0	8.0	9.5	YONA YONA DANCE	和田アキ子
145.0	5.0	8.0	9.3	ウラシブヤのテーマ	ヨっちゃん
145.0	6.0	8.0	10.2	FLOOR INFECTION Medley from SOUND VOLTEX×jubeat	United Composers from SOUND VOLTEX
146.0	2.0	4.0	6.0	PEACH	大塚愛
146.0	2.0	5.0	7.0	ツキミチヌ	CULTVOICE by S.S.D. PRODUCTS
146.0	2.0	5.0	8.0	こんがらガール	Charisma.com
146.0	2.0	6.0	8.0	AC版ディズニー ツムツムメドレー	©Disney
146.0	3.0	5.0	8.0	Finally Dive	ここなつ Produced by lapix
146.0	3.0	6.0	8.0	チャクラ	BENNIE K
146.0	3.0	6.0	9.8	zeeros	onoken
146.0	3.0	7.0	8.0	がんばれよ	TEE
147.0	2.0	5.0	8.0	Infinity	GIRL NEXT DOOR
147.0	3.0	5.0	8.0	ラグトレイン	稲葉曇
147.0	3.0	6.0	8.0	問答無用でGo！！	A応P
147.0	3.0	6.0	9.6	Drizzly Venom	日向美ビタースイーツ♪
147.0	3.0	7.0	9.0	銀河	フジファブリック
147.0	4.0	6.0	8.0	milky ice bear	S-C-U
147.0	4.0	7.0	9.0	This game	鈴木このみ
148.0	2.0	4.0	8.0	進め↑BAKATARATION	バカタレ共
148.0	2.0	5.0	7.0	HOT DOG	THE BAWDIES
148.0	3.0	6.0	8.0	キャッチーを科学する	アルカラ
148.0	4.0	8.0	10.1	Broken	dj TAKA feat.AiMEE
148.0	5.0	8.0	10.3	旅の終わりと祝祭の夜	月船古書堂
148.0	7.0	8.0	10.3	Macuilxochitl	TOMOSUKE
149.0	2.0	6.0	9.2	ドラマツルギー	Eve
149.0	2.0	6.0	9.8	朧 (BEMANI SYMPHONY Arr.)	HHH×MM×ST × 浦木 裕太 + gaQdan
149.0	3.0	5.0	8.0	blue moment	ソルラルBOB
149.0	3.0	6.0	8.0	Diver	NICO Touches The Walls
149.0	3.0	7.0	8.0	ザッツ！KAIYODO	はちきんガールズ
149.0	3.0	7.0	9.1	passionate fate	Ryu☆
149.0	4.0	5.0	9.0	Supercalifragilisticexpialidocious	ジュリー・アンドリュース
149.0	4.0	6.0	9.2	Second Heaven	Ryu☆
149.0	4.0	6.0	9.4	Right on time (Ryu☆ Remix)	Ryu☆
149.0	4.0	7.0	9.1	朧	HHH×MM×ST
150.0	1.0	4.0	7.0	少女レイ	みきとP
150.0	1.0	4.0	9.0	ミックスナッツ(TVアニメ『SPY×FAMILY』オープニング主題歌)	Official髭男dism
150.0	1.0	6.0	8.0	パンキッシュ☆	mihimaru GT
150.0	2.0	5.0	8.0	LOVE LOVE SHOW	THE YELLOW MONKEY
150.0	2.0	5.0	9.5	制作現場での出来事	猫大樹
150.0	2.0	6.0	8.0	時の妖花	ゲーム実況者わくわくバンド
150.0	2.0	6.0	9.3	キモチコネクト	東雲心菜 meets 日向美ビタースイーツ♪
150.0	2.0	6.0	9.5	黒髪乱れし修羅となりて～凛edition～	日向美ビタースイーツ♪
150.0	3.0	5.0	7.0	モンスターのかくれんぼ	Rihwa
150.0	3.0	6.0	8.0	Daydream café	Petit Rabbit's
150.0	3.0	6.0	9.0	キラーボール	ゲスの極み乙女。
150.0	3.0	6.0	9.1	黒髪乱れし修羅となりて	村正クオリア
150.0	3.0	6.0	9.2	Ha・lle・lu・jah	SOUND HOLIC feat. Nana Takahashi
150.0	3.0	6.0	9.3	Phantasmagoria	Maozon
150.0	3.0	6.0	9.4	Sky Is The Limit	Sota F. feat.Anna
150.0	3.0	6.0	9.6	I-W-U (I Want You)	nagomu tamaki
150.0	3.0	7.0	8.0	KUNG-FU MAMA	seiya-murai feat.ALT
150.0	3.0	7.0	9.0	もってけ！セーラーふく	泉こなた、柊かがみ、柊つかさ、高良みゆき
150.0	3.0	7.0	9.2	ヒトガタ	HIMEHINA
150.0	3.0	7.0	9.5	The Kingsroad	RINZO
150.0	3.0	7.0	10.0	Get On The Floor	RoughSketch
150.0	3.0	7.0	10.2	Glitter Cube	BEMANI Sound Team "dj TAKA"
150.0	3.0	7.0	10.3	Yelling	Blacklolita
150.0	3.0	8.0	10.3	少女、摩天楼へ	BEMANI Sound Team "U1 overground"
150.0	3.0	9.4	10.2	Romancing Layer	TAG
150.0	3.0	9.5	10.4	X-ray binary	BEMANI Sound Team "Trance Liquid"
150.0	3.0	9.5	10.5	V	TAKA
150.0	4.0	5.0	9.7	SWEET ANGEL	古川もとあき
150.0	4.0	6.0	9.6	BLACK JACKAL	Akira Complex
150.0	4.0	7.0	9.6	Sulk	SYUNN
150.0	4.0	7.0	9.7	spring pony	S-C-U
150.0	4.0	7.0	10.0	天国と地獄	UNISON SQUARE GARDEN
150.0	4.0	7.0	10.1	Life Without You	BEMANI Sound Team "Sota Fujimori"
150.0	4.0	7.0	10.2	トルコ行進曲	T.M. Orchestra
150.0	4.0	7.0	10.4	キヤロラ衛星の軌跡	工藤吉三（ベイシスケイプ）
150.0	4.0	8.0	9.4	Entrapment	Expander
150.0	4.0	8.0	10.2	PF flowing	dj TAKA
150.0	4.0	8.0	10.4	厳冬記	猫大樹
150.0	4.0	8.0	10.5	Thor's Hammer	ユニバーサル度胸兄弟
150.0	4.0	8.0	10.6	Necroxis Girl	BEMANI Sound Team "HuΣeR"
150.0	4.0	9.4	10.5	Indigo Nocturne	BEMANI Sound Team "Power Of Nature"
150.0	5.0	6.0	7.0	Chance and Dice	日本少年
150.0	5.0	7.0	9.7	Across the nightmare	Jimmy Weckl
150.0	5.0	7.0	10.3	Elysion ex machina	OSTER project
150.0	5.0	7.0	10.5	Northern Wind	Nhato
150.0	5.0	8.0	10.0	新たな幕開け	新井大樹
150.0	5.0	8.0	10.4	Riot of Color	TAG
150.0	5.0	8.0	10.6	Dance With The Dead	BEMANI Sound Team "SYUNN"
150.0	5.0	9.1	10.3	御千手メディテーション	昇天家族
151.0	3.0	6.0	9.5	O JIYA	ASMAT & emi
151.0	4.0	7.0	8.0	I/O	Ryu☆
151.0	4.0	8.0	10.6	StrayedCatz	削除
152.0	2.0	5.0	8.0	ちょちょいとちょいだよ夢浪漫	A応P
152.0	2.0	6.0	8.0	イマココ！この瞬間	日向美ビタースイーツ♪
152.0	2.0	7.0	10.3	Endless Beats ⇔ Endless Parties	かめりあ
152.0	3.0	5.0	8.0	カラフルミニッツ	Qrispy Joybox feat.mao
152.0	3.0	6.0	7.0	マスタッシュ	木村カエラ
152.0	3.0	6.0	8.0	GO	オワリカラ
152.0	3.0	6.0	9.0	エイリアンエイリアン	ナユタン星人
152.0	3.0	6.0	9.2	MONSTER DANCE	KEYTALK
152.0	3.0	6.0	9.7	マスターピース	mihimaru GT
152.0	3.0	7.0	9.5	猫侍の逆襲	猫叉Master
152.0	3.0	7.0	9.6	エイリアンエイリアン [ 2 ]	ナユタン星人
152.0	3.0	7.0	10.3	Virtual Bit	KAN TAKAHIKO
152.0	4.0	7.0	9.7	[E] [ 2 ]	dj MAX STEROID
152.0	4.0	8.0	9.6	Mother Ship	Sota Fujimori
152.0	4.0	8.0	9.7	SEED [ 2 ]	DJ YOSHITAKA
152.0	4.0	8.0	10.2	ラブキラ☆スプラッシュ	BEMANI Sound Team "Sota F." feat.いちか
152.0	6.0	8.0	9.6	[E]	dj MAX STEROID
152.0	7.0	8.0	9.8	SEED	DJ YOSHITAKA
153.0	2.0	6.0	9.0	ちゅ、多様性。	ano
153.0	2.0	7.0	8.0	Clumsy thoughts	猫叉Master feat. *spiLa*
153.0	3.0	6.0	7.0	Clover	Yum!Yum!ORANGE
153.0	3.0	6.0	8.0	スマイル一番 イイ♀	アンティック-珈琲店-
153.0	3.0	7.0	9.2	Braid & Blade	SHAMDEL
153.0	4.0	7.0	9.6	千年ノ理	猫叉Master
153.0	4.0	8.0	10.5	千年ノ理 [ 2 ]	猫叉Master
153.0	4.0	10.6	10.6	Sky High	Cuvelia
153.0	6.0	9.6	10.7	灼熱Beach Side Bunny	DJ Mass MAD Izm*
154.0	2.0	7.0	9.0	ダダパラ!!	girl next door
154.0	3.0	5.0	8.0	マーメイド	T!P
154.0	3.0	7.0	8.0	Prophet Vibe	Sota Fujimori feat.Calin
154.0	3.0	7.0	9.0	千本桜	黒うさP
154.0	4.0	7.0	8.0	Good-bye Chalon	猫叉Master+
154.0	4.0	7.0	9.7	NEON WORLD	SOUND HOLIC feat. Nana Takahashi
154.0	4.0	8.0	10.5	ZZ	D.J.Amuro
154.0	5.0	9.4	10.4	Sephirot	SHIKI
154.0	6.0	9.6	10.5	霖が哭く	Power Of Nature
155.0	2.0	5.0	8.0	夏休み is freedom!!	猫大樹
155.0	2.0	5.0	9.3	泡沫、哀のまほろば	幽閉サテライト
155.0	2.0	6.0	8.0	ヒーロー	鈴木友里絵
155.0	3.0	4.0	6.0	BLOOD on FIRE	AAA
155.0	3.0	5.0	6.0	キューティーハニー	倖田來未
155.0	3.0	5.0	7.0	全力バタンキュー	A応P
155.0	3.0	5.0	9.1	black bullet	fripSide
155.0	3.0	6.0	8.0	まるでマトリョーシカ	seiya-murai feat. ALT
155.0	3.0	6.0	9.4	紅蓮の焔	劇団レコードfeat.浅葉リオ
155.0	3.0	6.0	9.8	Underground Astronomy	D.watt (IOSYS)
155.0	3.0	7.0	9.0	らいらら	KRD8
155.0	3.0	7.0	10.4	Crescive Volt	Ark-Z
155.0	3.0	7.0	10.5	負けないよ…-Runners High-	猫大樹
155.0	3.0	8.0	10.1	Angritte	Lafale
155.0	4.0	6.0	8.0	ほしふり	Sana
155.0	4.0	7.0	8.0	Calling	紗羅マリー
155.0	4.0	7.0	9.1	Sweet Rain	Y&Co. feat. Karin
155.0	4.0	8.0	9.8	ウ”ィ”エ”	バーバパパ
155.0	4.0	8.0	10.2	Life is beautiful	BEMANI Sound Team "猫叉Master"
155.0	4.0	9.2	10.6	OVERHEAT -Type J-	DOUBLE IMPACT
155.0	5.0	6.0	8.0	IN THE NAME OF LOVE	Y&Co. feat. Erica
155.0	5.0	7.0	9.4	SUPER SUMMER SALE	BEMANI Sound Team "U1 overground"
155.0	6.0	9.5	9.5	MODEL FT2 Miracle Version	Mutsuhiko Izumi
156.0	2.0	5.0	6.0	シャナナ☆	MINMI
156.0	2.0	6.0	9.0	7 Colors	kors k feat.吉河順央
156.0	3.0	6.0	7.0	T・S・F in にっぽん！	橘・シルフィンフォード（CV:古川由利奈）
156.0	3.0	6.0	9.0	buddy	坂本真綾
156.0	3.0	7.0	8.0	労働 CALLING	怒髪天
156.0	4.0	6.0	9.8	Invisible Border	world sequence
156.0	4.0	7.0	10.0	ミッドナイト☆WAR	いちか
156.0	4.0	7.0	10.5	splash!	BEMANI Sound Team "Trance Liquid"
156.0	4.0	8.0	10.4	Croissant	BEMANI Sound Team "Expander"
156.0	5.0	7.0	9.3	キリステゴメン	東雲夏陽
156.0	5.0	8.0	10.2	In The Ruins	good-cool feat. CHiCO
157.0	2.0	5.0	7.0	フレンズ	レベッカ
157.0	2.0	7.0	9.3	Wow Wow VENUS	VENUS
157.0	3.0	5.0	9.3	でんでんぱっしょん	でんぱ組.inc
157.0	3.0	6.0	7.0	Ding Dong Bell	A応P
157.0	3.0	6.0	9.1	Daisuke	Y&Co.
157.0	3.0	7.0	8.0	Brand New World	VENUS
157.0	4.0	6.0	7.0	Queen's Paradise	Nanako
157.0	4.0	6.0	9.2	Queen's Paradise [ 2 ]	Nanako
157.0	4.0	7.0	9.7	Fairy Fair	ぺのれり
157.0	6.0	8.0	9.8	ギタ・ドラ・jubeat大夏祭りのテーマ	DNM盛り上げ隊
158.0	1.0	5.0	7.0	Go to the top	倖田來未
158.0	2.0	5.0	8.0	夢見る少女じゃいられない	相川七瀬
158.0	2.0	6.0	8.0	セカイがカフェになっちゃった！	Petit Rabbit's with beans
158.0	3.0	6.0	8.0	1 2 3 ～恋がはじまる～	いきものがかり
158.0	3.0	6.0	9.1	FUJIMORI -祭- FESTIVAL	VENUS
158.0	3.0	7.0	8.0	NISHIMURA -祭- CARNIVAL	S-C-U×U1 feat. VENUS
158.0	3.0	7.0	9.0	Bonjour, The World!!	中島由貴 feat. dj TAKA
158.0	4.0	6.0	8.0	Icicles	Jimmy Weckl
158.0	4.0	7.0	8.0	恋とキングコング	日向美ビタースイーツ♪
158.0	4.0	7.0	9.3	Icicles [ 2 ]	Jimmy Weckl
158.0	4.0	7.0	9.7	うらもからだも落花微塵	Nanako
158.0	4.0	7.0	10.1	Russian Caravan Rhapsody	Power Of Nature
158.0	5.0	8.0	9.8	Shining Wizard	96
158.0	5.0	9.1	10.5	FLOWER (BEMANI SYMPHONY Arr.)	DJ YOSHITAKA × onoken + gaQdan
159.0	1.0	6.0	8.0	じょいふる	いきものがかり
159.0	2.0	5.0	7.0	ふがいないや	YUKI
159.0	2.0	5.0	9.3	ダンシング	佐伯ユウスケ
159.0	3.0	6.0	9.4	ヒューマノイド	ずっと真夜中でいいのに。
159.0	3.0	7.0	8.0	Rocknrolla!	[Champagne]
159.0	3.0	7.0	9.0	Synchrogazer	水樹奈々
159.0	5.0	8.0	10.4	海神	兎々
160.0	1.0	5.0	7.0	PLAY THE GAME	ロードオブメジャー
160.0	1.0	5.0	9.2	みくみくにしてあげる♪【してやんよ】	ika
160.0	2.0	5.0	8.0	ハイパーリアリスト	パスピエ
160.0	2.0	5.0	9.1	THIS NIGHT (jubeat EDITION)	TЁЯRA
160.0	2.0	6.0	8.0	le mirage	Vivian
160.0	2.0	7.0	8.0	華爛漫 -Flowers-	TЁЯRA
160.0	2.0	7.0	9.0	TOON MANIAC	Theme from"TOON MANIA"
160.0	2.0	7.0	9.2	怪盗BisCoの予告状！！	Qrispy Joybox
160.0	2.0	7.0	10.0	海神 (BEMANI SYMPHONY Arr.)	兎々 Arranged by ござ
160.0	3.0	5.0	7.0	お茶づけ☆パラダイス	A応P
160.0	3.0	5.0	8.0	インベーダーインベーダー	きゃりーぱみゅぱみゅ
160.0	3.0	5.0	10.0	Surf on the Light	Tomoyuki Uchida
160.0	3.0	5.0	10.1	勇敢な髑髏	新井大樹
160.0	3.0	6.0	7.0	Promise	NEW STRIKE ZIPPER
160.0	3.0	6.0	8.0	LoveLove DokiDoki	水戸ご当地アイドル(仮)
160.0	3.0	6.0	9.0	MA・TSU・RI	かなたん,アマギセーラ,ぁゅ by BEMANI Sound Team "藤森崇多"
160.0	3.0	6.0	9.1	取り残された美術(Arranged:HiZuMi)	幽閉サテライト feat. senya
160.0	3.0	6.0	9.3	Samba Ramba	Y&Co. feat. Kanae Asaba
160.0	3.0	6.0	9.7	∞space	m@sumi
160.0	3.0	6.0	10.0	CAPTIVE	フルーティー♡
160.0	3.0	6.0	10.2	ラプンツェル	RoughSketch
160.0	3.0	6.0	10.6	LAST OATH	BEMANI Sound Team "劇団レコード"
160.0	3.0	7.0	8.0	キミとワタシのオンガク	seiya-murai feat. ALT
160.0	3.0	7.0	9.0	SOS	たむらぱん
160.0	3.0	7.0	9.2	ALL MY HEART -この恋に、わたしの全てを賭ける- [ 2 ]	SUPER HEROINE 彩香-AYAKA-
160.0	3.0	7.0	9.3	UROBOROS OVERDIVE	L.E.D. feat. YURiCa/花たん
160.0	3.0	7.0	9.4	Just a Game	Y&Co.
160.0	3.0	7.0	9.7	Love at First Sight	Fear, and Loathing in Las Vegas
160.0	3.0	7.0	10.4	ピザが食べたくてしょうがない皆さんの気持ちを代弁しました	コバヤシユウヤ(IOSYS) feat. Miko
160.0	3.0	8.0	9.7	Synergy For Angels	TAG×U1-ASAMi
160.0	3.0	8.0	10.2	狂水一華	BEMANI Sound Team "HuΣeR Vs. SYUNN" feat.いちか
160.0	4.0	5.0	8.0	I love マミー	荒牧陽子
160.0	4.0	6.0	8.0	スペースカーニバル	shooting star
160.0	4.0	6.0	9.0	A to Z	OSAKA翔GANGS
160.0	4.0	6.0	9.1	スペースカーニバル [ 2 ]	shooting star
160.0	4.0	6.0	10.2	関門突破撃	新井大樹
160.0	4.0	7.0	8.0	ALL MY HEART -この恋に、わたしの全てを賭ける-	SUPER HEROINE 彩香-AYAKA-
160.0	4.0	7.0	9.1	回レ！雪月花	歌組雪月花
160.0	4.0	7.0	9.3	取り残された美術(Arranged:HiZuMi) [ 2 ]	幽閉サテライト feat. senya
160.0	4.0	7.0	9.4	Hunny Bunny	U1 overground
160.0	4.0	7.0	9.5	ヤマトなでなで♡かぐや姫	ロマンチック♡Prim姫
160.0	4.0	7.0	9.7	ミカヅキ:コネクト	かゆき
160.0	4.0	7.0	9.8	Slang	Kozo Nakamura
160.0	4.0	8.0	9.3	Theory of Eternity	TAG
160.0	4.0	8.0	10.3	エンドルフィン	U1 overground
160.0	4.0	9.1	10.7	Last Dress	はるなば
160.0	4.0	9.6	10.6	DIAVOLO	度胸兄弟
160.0	5.0	7.0	9.4	Dream drip macchiato	BEMANI Sound Team "TAG"
160.0	5.0	7.0	10.4	Time Lapse	Hommarju
160.0	5.0	8.0	9.6	Magnetic	Sota Fujimori
160.0	5.0	8.0	10.6	Never See You Again	BEMANI Sound Team "U1 overground"
160.0	5.0	9.1	10.7	RUINA	Dustup VS MAX MAXIMIZER
160.0	5.0	9.7	10.3	BLUE STRAGGLER	L.E.D.
160.0	5.0	9.7	10.5	雨上がりの空に	猫大樹
160.0	6.0	8.0	10.1	パ→ピ→プ→Yeah!	ヒゲドライバー join. shully & Nimo
160.0	6.0	8.0	10.6	croiX	TeamGrimoire+あま猫
160.0	6.0	9.3	10.5	Jazz is Rad	ARM(IOSYS)+Brasscapsule
160.0	6.0	9.6	10.5	Prowler	BEMANI Sound Team "Yvya"
160.0	6.0	9.8	10.4	STELLAR WIND	L.E.D.
161.0	1.0	6.0	7.0	タッチ	岩崎良美
161.0	4.0	8.0	10.2	蟲の棲む処	かめりあ feat. Nana Takahashi
161.0	5.0	8.0	9.8	この子の七つのお祝いに	あさき
162.0	2.0	6.0	7.0	CRAZY FOR YOU	Kylee
162.0	3.0	5.0	9.3	ふしぎなくすり	上野圭市 feat. SATOE
162.0	3.0	6.0	8.0	コイノチカラ	石阪久美子
162.0	3.0	6.0	9.1	3 A.M. ディテクティブ・ゲーム	日向美ビタースイーツ♪
162.0	3.0	6.0	9.4	ロールプレイングゲーム	そらまふうらさか
162.0	3.0	6.0	9.6	エレシュキガル	Noah
162.0	3.0	6.0	9.8	DENPA NEVER DIE	かめりあ feat. ななひら
162.0	4.0	7.0	9.1	ロストワンの号哭	Neru
162.0	4.0	8.0	9.5	ロストワンの号哭 [ 2 ]	Neru
162.0	4.0	8.0	10.2	恋とメロンとキューピット	まろん feat. キャサリン
163.0	3.0	5.0	7.0	ギャグ	星野源
163.0	3.0	6.0	8.0	15 Doors	moumoon
163.0	3.0	6.0	9.2	凛として咲く花の如く(V)	大神ミオ
163.0	3.0	6.0	9.5	Fly far bounce	猫叉Master
163.0	3.0	7.0	9.0	Don't Break Me Down	A-One
163.0	4.0	6.0	9.1	凛として咲く花の如く	紅色リトマス
163.0	5.0	6.0	9.2	凛として咲く花の如く ～ひなビタ♪ edition～	日向美ビタースイーツ♪
164.0	2.0	6.0	9.2	planarian	S-C-U
164.0	3.0	4.0	6.0	にんげんっていいな	ガガガSP
164.0	3.0	5.0	8.0	スーパーフレア	The Mirraz
164.0	3.0	6.0	8.0	バビロニア	劇団レコード
164.0	3.0	6.0	9.6	attack in the minor key	Mr.T
164.0	3.0	7.0	10.3	Liar×Girl	BEMANI Sound Team "HuΣeR" feat.ゆきまめ
164.0	4.0	6.0	9.2	[A]ddiction	EVO+
164.0	4.0	7.0	8.0	NO WAVE≒斜陽"	0.8秒と衝撃。
164.0	4.0	7.0	9.6	トキメキストリーム	Qrispy Joybox
164.0	4.0	8.0	10.4	All Clear!!	sky_delta
164.0	4.0	9.7	10.2	True Blue	dj TAKA feat.AiMEE
164.0	5.0	8.0	10.5	True Blue [ 2 ]	dj TAKA feat.AiMEE
165.0	2.0	4.0	5.0	天体観測	BUMP OF CHICKEN
165.0	2.0	5.0	8.0	LANA - Answer II -	TOMOSUKE×Jazzin'park
165.0	2.0	6.0	8.0	君の知らない物語	supercell
165.0	2.0	7.0	9.0	ラブラブキュートなハピハピサンデー	Lisapyon♡
165.0	2.0	7.0	9.1	眼光 [ 2 ]	猫大樹
165.0	3.0	5.0	7.0	SAKURAスキップ	fourfolium
165.0	3.0	5.0	9.3	君の知らない物語 [ 2 ]	supercell
165.0	3.0	6.0	7.0	眼光	猫大樹
165.0	3.0	6.0	8.0	Fantasia	TЁЯRA
165.0	3.0	6.0	9.2	てぇてぇアイデンティティ	そりっどびーつ
165.0	3.0	6.0	9.3	Endless, Sleepless Night	samfree feat. (V)・∀・(V) かにぱん。
165.0	3.0	6.0	10.1	Scars of FAUNA [ 2 ]	猫叉Master
165.0	3.0	7.0	8.0	Green Green Dance	Mutsuhiko Izumi
165.0	3.0	7.0	9.1	Little Flipper	S-C-U
165.0	3.0	7.0	9.5	PULSE LASER	ヒゲドライバー
165.0	3.0	8.0	9.8	元気でやってるのかい?	イルリメ
165.0	3.0	8.0	10.6	ラキラキ	Mutsuhiko Izumi & S-C-U
165.0	4.0	5.0	8.0	ESCAPE	Moon Child
165.0	4.0	7.0	9.2	Scars of FAUNA	猫叉Master
165.0	4.0	7.0	9.4	この青空の下で	TAG meets "eimy"
165.0	4.0	7.0	10.1	Pegasus	BEMANI Sound Team "Expander"
165.0	4.0	8.0	9.7	悲報！ワイ！ニート！	Shu
165.0	4.0	8.0	10.3	RED ZONE	Tatsh&NAOKI
165.0	4.0	8.0	10.4	EX-MASSIVE FIGHTER	BEMANI Sound Team "L.E.D.-G"
165.0	4.0	8.0	10.5	龍と少女とデコヒーレンス	黒猫ダンジョン
165.0	5.0	7.0	9.8	WELCOME TO MOTOWN PARK	OSTER project
165.0	5.0	8.0	10.5	Anubis	ARForest
165.0	5.0	9.0	10.0	Stylus	BEMANI Sound Team "HuΣeR"
165.0	5.0	9.1	10.6	Roll the Dice	lapix
165.0	5.0	9.3	10.5	fallen leaves	猫叉Master
165.0	5.0	9.7	10.7	KAMAITACHI	DJ TECHNORCH fw. GUHROOVY
165.0	6.0	8.0	10.1	WONDER WALKER	L.E.D.
165.0	6.0	9.6	10.7	Hexer	BEMANI Sound Team "Yvya"
166.0	2.0	6.0	9.5	Scream out!	A-One
166.0	3.0	6.0	7.0	灼熱の翼	マジックアカデミー管弦楽部×劇団レコード
166.0	3.0	6.0	8.0	優勢オーバードーズ	PON
166.0	3.0	6.0	9.0	NEVER SURRENDER	水樹奈々
166.0	4.0	7.0	9.1	Amalgamation	Mystic Moon
166.0	4.0	7.0	10.1	Devil Fish Dumpling	96
166.0	5.0	7.0	9.6	ナナホシ	S-C-U
167.0	2.0	5.0	7.0	瞬間 I LOVE YOU	H&A.
167.0	2.0	6.0	8.0	星を飛び越えて	Liz Triangle
167.0	3.0	5.0	7.0	しゃかりきリレーション	ときめきアイドル project 結城秋葉
167.0	3.0	6.0	8.0	I my me mine	POLYSICS
167.0	3.0	6.0	9.1	梅雪夜	Qrispy Joybox feat.mao
167.0	4.0	7.0	10.3	out of focus	Qrispy Joybox
168.0	2.0	6.0	9.2	unisonote	onoken
168.0	2.0	6.0	9.4	Twinbee's Home Town Song	Sota Fujimori
168.0	2.0	6.0	9.7	unisonote [ 2 ]	onoken
168.0	3.0	6.0	8.0	JUMPin' JUMP UP!!!!	fourfolium
168.0	3.0	6.0	9.6	さらさ	BEMANI Sound Team "PON"
168.0	3.0	7.0	9.1	ガヴリールドロップキック	ガヴリール、ヴィーネ、サターニャ、ラフィエル
168.0	4.0	6.0	9.6	Agnus Dei	あさき
168.0	4.0	7.0	9.9	Still Lonesome	PSYQUI
168.0	4.0	7.0	10.4	Ausretious 1-まどろみ、或いは嘆色の夢-	EOOZ
168.0	4.0	8.0	9.6	Colorful Cookie (BEMANI SYMPHONY Arr.)	Lucky Vacuum × デビン木下 + gaQdan
168.0	5.0	8.0	10.6	Ausretious 1-まどろみ、或いは嘆色の夢- [ 2 ]	EOOZ
169.0	3.0	6.0	9.0	Let's ダバダバ	POLYSICS
169.0	3.0	6.0	9.2	Apex of the World	uma&hurirai feat.ましろ
169.0	4.0	6.0	8.0	勇者うまるの華麗なる生活	土間うまる（CV:田中あいみ）
170.0	1.0	5.0	8.0	ようこそジャパリパークへ	どうぶつビスケッツ×PPP
170.0	2.0	5.0	9.3	Say!ファンファーレ!	白上フブキ
170.0	2.0	6.0	7.0	ニンジャマンジャパンのテーマ	ニンジャマンジャパン
170.0	2.0	6.0	8.0	僕は君に恋をした	アイドル教室
170.0	2.0	6.0	10.3	MONOLITH	TOMOSUKE
170.0	2.0	7.0	9.0	ボッカデラベリタ	柊キライ
170.0	3.0	5.0	7.0	防人恋歌	Ax feat.夏川陽子
170.0	3.0	5.0	8.0	走れメロンパン	日向美ビタースイーツ♪
170.0	3.0	5.0	9.1	Baby Sweet Berry Love	小倉 唯
170.0	3.0	5.0	9.5	イ号零型	あさき
170.0	3.0	6.0	7.0	恋のダイヤル6700	Dream5
170.0	3.0	6.0	8.0	DNA狂詩曲	ももいろクローバーZ
170.0	3.0	6.0	9.0	防衛本脳	Daisy×Daisy
170.0	3.0	6.0	9.1	TYCOON	SOUND HOLIC feat. Nana Takahashi
170.0	3.0	6.0	9.4	Destiny lovers	くにたけみゆき
170.0	3.0	6.0	9.5	魔理沙は大変なものを盗んでいきました	ARM＋夕野ヨシミ (IOSYS) feat. 藤咲かりん
170.0	3.0	6.0	9.6	Energy	SAYA
170.0	3.0	7.0	8.0	Dragontail Butterfly	Tom-H@ck feat.Nadia
170.0	3.0	7.0	9.1	にめんせい☆ウラオモテライフ！	土間うまる (CV.田中あいみ)
170.0	3.0	7.0	9.2	はらぺこヒーロー	回せ！グルーヴ開発部
170.0	3.0	7.0	9.4	SPACE VILLAGE	サイバー劇レコ
170.0	3.0	7.0	9.7	Qubellic Prism	Nazzo-Non-Heat
170.0	3.0	7.0	9.8	If	Pa's Lam System
170.0	4.0	6.0	8.0	虹色の花	Akhuta y OJ
170.0	4.0	6.0	9.7	Mirage	Mutsuhiko Izumi
170.0	4.0	7.0	8.0	Shine On Me	kors k
170.0	4.0	7.0	9.1	Element of SPADA (BEMANI SYMPHONY Arr.)	猫叉Master feat.霜月はるか × 大嶋 啓之 + gaQdan
170.0	4.0	7.0	9.4	月風魔伝　～ ビーストメドレー ～	Akhuta
170.0	4.0	7.0	9.6	おーまい！らぶりー！すうぃーてぃ！だーりん！	BEMANI Sound Team "PON" feat.NU-KO
170.0	4.0	7.0	10.3	Proof of the existence	猫叉Master+
170.0	4.0	8.0	9.5	弾幕信仰	豚乙女×BEMANI Sound Team "PON"
170.0	4.0	8.0	10.3	ネリと琥珀糖	sasakure.UK
170.0	4.0	8.0	10.4	Wandering Gravity	Nazzo-Non-Heat
170.0	4.0	8.0	10.5	EBONY & IVORY	OSTER project
170.0	5.0	8.0	10.0	Russian Snowy Dance	Mutsuhiko Izumi
170.0	5.0	8.0	10.2	The Wind of Gold	kors k
170.0	5.0	8.0	10.5	Proof of the existence [ 2 ]	猫叉Master+
170.0	5.0	9.7	10.7	pray nightly	BEMANI Sound Team "猫叉Master"
170.0	6.0	8.0	10.6	Hero Revealed	Yooh
171.0	2.0	4.0	7.0	Love Space Ship	SHANADOO
171.0	2.0	6.0	7.0	LANA - Answer I -	TOMOSUKE×Jazzin'park
171.0	2.0	6.0	8.0	大都会交響楽	PIZZICATO FIVE
171.0	3.0	6.0	7.0	夢	鴉
171.0	3.0	6.0	8.0	エンヴィーベイビー	Kanaria
171.0	3.0	6.0	10.4	竹取飛翔 ～ Lunatic Princess (Ryu☆Remix)	Ryu☆
171.0	3.0	7.0	10.2	ワールズエンド・ダンスホール	wowaka
171.0	4.0	6.0	9.0	銃弾は解を撃ち抜いて	日向美ビタースイーツ♪
172.0	1.0	4.0	7.0	rose	ANNA inspi' NANA(BLACK STONES)
172.0	2.0	5.0	8.0	HAPPY☆きたかた	KIRA☆GIRL
172.0	3.0	5.0	8.0	フレ降レミライ	北高文芸部女子会
172.0	3.0	6.0	9.0	ルシャナの気持ち	Le Siana
172.0	3.0	6.0	9.2	快晴	orangestar
172.0	3.0	7.0	8.0	Lead Me	SHOGO
172.0	3.0	7.0	9.6	WARNING×WARNING×WARNING [ 2 ]	暁Records
172.0	4.0	6.0	8.0	WARNING×WARNING×WARNING	暁Records
172.0	4.0	7.0	9.7	ロミとロボの宇宙飛行	onoken
172.0	5.0	9.6	10.6	Welcome to the Mosh Pit	lapix
173.0	1.0	5.0	8.0	琥珀のくちづけ	日向美ビタースイーツ♪&日向美ブルームーン
173.0	2.0	5.0	7.0	ワープ	lego big morl
173.0	2.0	7.0	8.0	LOVE & JOY	木村由姫
173.0	3.0	6.0	9.7	星の小舟	BEMANI Sound Team "猫叉劇団"
173.0	3.0	7.0	10.3	インドがパッカーン！！煩悩マハラジャドリーム	ARM × かたほとり ft. 柊木りお
173.0	4.0	7.0	10.0	Wuv U	kors k
173.0	4.0	7.0	10.3	Squeeze	VENUS feat. Mutsuhiko Izumi
173.0	4.0	8.0	9.2	十面相	YM feat. GUMI
173.0	6.0	8.0	10.4	FLOWER [ 2 ]	DJ YOSHITAKA
173.0	6.0	9.5	10.5	アストライアの双皿	ZODIACSYNDICATE
173.0	6.0	9.7	10.5	FLOWER	DJ YOSHITAKA
174.0	2.0	6.0	7.0	スリル	布袋寅泰
174.0	2.0	6.0	8.0	ツーマンライブ [ 2 ]	東雲夏陽 meets 日向美ビタースイーツ♪
174.0	2.0	6.0	9.0	キケンな果実	達見 恵 featured by 佐野宏晃
174.0	3.0	5.0	8.0	polygon	Sota Fujimori
174.0	3.0	6.0	7.0	闘いの刻-jubeatREMIX-	マジックアカデミー管弦楽部×劇団レコード
174.0	3.0	6.0	8.0	空色デイズ	中川翔子
174.0	3.0	6.0	9.0	羽根亡キ少女唄	純情ディスコード
174.0	3.0	6.0	9.4	アレスの楯	劇団レコード
174.0	3.0	7.0	9.0	花ハ踊レヤいろはにほ（ハピネス mix）	Remixed by BEMANI Sound Team "D.J.KOBINATA" feat.Kuroa*
174.0	3.0	8.0	9.7	見習い天使と星降りの丘	DJ TOTTO
174.0	3.0	8.0	10.4	ほおずき程度には赤い頭髪	Akhuta
174.0	4.0	7.0	8.0	猛烈宇宙交響曲・第七楽章「無限の愛」	ももいろクローバーZ
174.0	4.0	7.0	9.7	citrus	kamome sano
174.0	4.0	8.0	10.1	Neuron	BEMANI Sound Team "Expander"
174.0	4.0	8.0	10.7	Boomy and The Boost	Eagle
174.0	5.0	7.0	9.8	Right Time Right Way	KAN TAKAHIKO
175.0	1.0	7.0	10.5	BEEF	BEMANI Sound Team "牛"
175.0	2.0	5.0	8.0	Hello world!	Music by 源屋, Vocal by SOPHY
175.0	2.0	6.0	8.0	ネトゲ廃人シュプレヒコール	さつき が てんこもり
175.0	2.0	7.0	8.0	Ray	源屋
175.0	2.0	8.0	9.6	紅焔	PON
175.0	3.0	6.0	8.0	STEP by STEP UP↑↑↑↑	fourfolium
175.0	3.0	6.0	9.0	バビロニアの旅人たち	Babylonian Vates
175.0	3.0	6.0	9.1	It's my Miracle	Another Infinity feat. Mayumi Morinaga
175.0	3.0	6.0	9.4	aura	Expander
175.0	3.0	6.0	9.5	銀の旋律-Silver melodia-	ちょこふぁん
175.0	3.0	7.0	8.0	Flip Flap	kors k
175.0	3.0	7.0	9.0	Aerial Skydive	Dirty Androids
175.0	3.0	7.0	9.4	Pure Rude	kors k
175.0	3.0	7.0	10.0	トキメキメカニクス	ARM×狐夢想 feat. nomico
175.0	3.0	7.0	10.2	Bleep Beep Bop	kors k
175.0	3.0	8.0	10.1	caramel ribbon	P*Light
175.0	4.0	6.0	8.0	コネクト	ClariS
175.0	4.0	7.0	8.0	Gravity	HaKU
175.0	4.0	7.0	9.3	封隠文様	駄々子
175.0	4.0	7.0	9.7	パーフェクトイーター	BEMANI Sound Team "PON" feat.かなたん
175.0	4.0	7.0	10.1	FUNKY SUMMER BEACH	P*Light
175.0	4.0	7.0	10.6	ROCK ju	C-Show
175.0	4.0	8.0	9.7	Bassline Crack	Getty
175.0	4.0	8.0	10.1	Pacify	BEMANI Sound Team "SYUNN"
175.0	4.0	8.0	10.2	STERLING SILVER	TAG
175.0	4.0	8.0	10.6	Our Faith	kors k
175.0	4.0	9.2	10.4	Icicle Cube	BEMANI Sound Team "KE!JU"
175.0	4.0	9.2	10.6	Our Faith [ 2 ]	kors k
175.0	5.0	7.0	9.7	coming true	GUHROOVY Vs. L.E.D
175.0	5.0	9.6	10.3	Slipstream	lapix
175.0	7.0	9.0	10.4	After Rain	PIKASONIC
176.0	2.0	4.0	6.0	冒険者たち	Do As Infinity
176.0	2.0	5.0	8.0	蒼天	Tatsh
176.0	2.0	6.0	8.0	Wake up!	AAA
176.0	3.0	5.0	10.4	現世の彼方	猫大樹
176.0	3.0	6.0	8.0	Cassis	肥塚良彦
176.0	3.0	7.0	9.3	シル・ヴ・プレジデント	P丸様。
176.0	3.0	7.0	10.2	Spica	BEMANI Sound Team "TATSUYA"
176.0	4.0	7.0	9.1	time granular	ZUKI
176.0	4.0	8.0	10.4	BILLION MONEY BAZOOKA	BlackY
176.0	5.0	8.0	9.5	キラキラ☆ステーション	Tatsh feat. Prico
176.0	5.0	8.0	10.2	Chloé	DJ Totoriott
176.0	5.0	9.6	10.5	閉塞的フレーション	Pizuya's Cell VS BEMANI Sound Team "dj TAKA"
177.0	2.0	5.0	6.0	endscape	UVERworld
177.0	2.0	5.0	9.2	めた・メタ？ひまわり＊パンチ	ひまわり＊パンチ
177.0	2.0	6.0	8.0	オムライス	オーロラ三人娘
177.0	3.0	7.0	8.0	lovely my girl	シュクレット
177.0	3.0	8.0	10.1	smooooch・∀・	kors k
177.0	4.0	7.0	9.6	Fly with me	TAG
177.0	7.0	8.0	10.2	532nm	Ryu☆
177.0	7.0	9.6	10.3	405nm (Ryu☆mix)	Another Infinity
178.0	2.0	5.0	7.0	UNION	OxT
178.0	2.0	5.0	8.0	ヘビーローテーション	AKB48
178.0	2.0	5.0	9.0	101回目の呪い	ゴールデンボンバー
178.0	3.0	4.0	6.0	BELIEVE IN LOVE	Ai + BAND
178.0	3.0	6.0	7.0	混ぜるな危険	筋肉少女帯
178.0	3.0	6.0	8.0	Homesick Pt.2&3	ORANGENOISE SHORTCUT
178.0	3.0	6.0	9.7	Noob実況24時!	ARM × かたほとり ft. ちょこ
178.0	3.0	7.0	9.3	朱と碧のランページ	NU-KO
178.0	3.0	7.0	9.4	HYENA	Hommarju
178.0	3.0	7.0	9.7	見えない星の渡り方	Capchii feat. ことの
178.0	3.0	7.0	10.4	SPACE INASAKU	BEMANI Sound Team "サイバー劇レコ"
178.0	4.0	6.0	7.0	友達に贈る歌	Sonar Pocket
178.0	4.0	6.0	9.0	ぽかぽかレトロード	日向美ビタースイーツ♪
178.0	4.0	7.0	8.0	瞬	小野秀幸
178.0	4.0	7.0	9.6	Winter Gift ～クリスピーからの贈りもの～	Qrispy Joybox
178.0	4.0	7.0	10.2	Two Pianists	小野秀幸
178.0	4.0	8.0	10.3	超越してしまった彼女と其を生み落した理由	Ayatsugu_Otowa
178.0	5.0	7.0	9.5	キルト	Des-Sana+wpt9
178.0	5.0	8.0	10.2	Lisa-RICCIA (BEMANI SYMPHONY Arr.)	DJ YOSHITAKA × onoken + gaQdan
179.0	2.0	5.0	8.0	Rainbow after snow	猫叉Master feat.林ももこ
179.0	2.0	6.0	9.0	ちょうどいいとこにいたい	たむらぱん
179.0	3.0	6.0	9.6	最凶アンビバレント	森羅万象
179.0	3.0	7.0	9.1	Arousing	DJ TOTTO feat.吉河順央
179.0	3.0	7.0	9.6	SigSig [ 2 ]	kors k
179.0	4.0	5.0	7.0	fellow	ピンクターボ
179.0	4.0	7.0	9.3	SHION	DJ YOSHITAKA
179.0	5.0	7.0	9.1	SigSig	kors k
180.0	2.0	5.0	7.0	君の元へ	久保田祥平
180.0	2.0	5.0	8.0	Polaris	Mutsuhiko Izumi
180.0	2.0	6.0	8.0	High School Love	DJ YOSHITAKA feat.DWP
180.0	2.0	6.0	9.5	Dispersion Star	ZUKI
180.0	2.0	7.0	9.3	響縁	豚乙女
180.0	3.0	5.0	8.0	Famous Day	［Alexandros］
180.0	3.0	5.0	9.1	フー・フローツ	Nanako
180.0	3.0	5.0	9.7	影縫い胤撒き	Akhuta
180.0	3.0	6.0	7.0	フルカラープログラム	UNISON SQUARE GARDEN
180.0	3.0	6.0	8.0	今すぐKiss Me	JURIAN BEAT CRISIS
180.0	3.0	6.0	9.0	エクストラ・マジック・アワー	AKINO with bless4
180.0	3.0	6.0	10.2	Floating Eternity	BEMANI Sound Team "Philosophy"
180.0	3.0	7.0	8.0	An imitation's superstar	VOLA & THE ORIENTAL MACHINE
180.0	3.0	7.0	9.0	お嫁にしなさいっ！	ARM+夕野ヨシミ
180.0	3.0	7.0	9.1	Windy Fairy	DJ TOTTO
180.0	3.0	7.0	9.2	マインド・ゲーム	96 with メカショッチョー
180.0	3.0	7.0	9.4	ULTRA HAPPY MEGAMIX	DJ Genki
180.0	3.0	7.0	9.5	Scarlet Moon [ 2 ]	REDALiCE feat. Ayumi Nomiya
180.0	3.0	7.0	9.6	Welcome!!	kors k
180.0	3.0	7.0	10.0	轟け！恋のビーンボール！！	ダイナミック野球兄弟 v.s. クロスファイヤーPrim
180.0	3.0	7.0	10.3	Sparkle Smilin'	BEMANI Sound Team "Qrispy Joybox" feat.いちか
180.0	3.0	8.0	9.8	Come to Life	ARM (IOSYS) feat. Nicole Curry
180.0	4.0	5.0	8.0	理由なき反抗	おとぎ話
180.0	4.0	6.0	9.0	Polaris [ 2 ]	Mutsuhiko Izumi
180.0	4.0	6.0	10.2	Fireball	BEMANI Sound Team "Bumble Bee"
180.0	4.0	7.0	9.0	Universe Universe	avengers in sci-fi
180.0	4.0	7.0	9.2	PUNISHER	TAG×PON
180.0	4.0	7.0	9.3	Windy Fairy [ 2 ]	DJ TOTTO
180.0	4.0	7.0	9.4	Far east nightbird	猫叉Master
180.0	4.0	7.0	9.7	白鳥の湖	Swan Lake Orchestra
180.0	4.0	7.0	9.8	隅田川夏恋歌	seiya-murai feat.ALT
180.0	4.0	7.0	10.2	ナイト・オブ・ナイツ	ビートまりお（COOL&CREATE）
180.0	4.0	7.0	10.3	KHAMEN BREAK	くふおー
180.0	4.0	8.0	9.5	Baby Bleep March	seiya-murai
180.0	4.0	8.0	9.8	Empathetic	Sota÷Des
180.0	4.0	8.0	10.3	GAIA	猫叉L.E.D.Master+
180.0	4.0	8.0	10.4	ZEPHYRANTHES	TAG
180.0	5.0	7.0	9.4	Struggle	Masayoshi Minoshima(ALR)
180.0	5.0	7.0	9.7	Cranberry	BEMANI Sound Team "肥塚良彦"
180.0	5.0	7.0	9.9	惑星☆ロリポップ	SOUND HOLIC feat. Nana Takahashi
180.0	5.0	7.0	10.4	シュボレアちゃん星の交信	工藤吉三（ベイシスケイプ）
180.0	5.0	7.0	10.5	In Your EyEs	kors k
180.0	5.0	8.0	9.1	800nm	Another Infinity (Ryu☆×Starving Trancer)
180.0	5.0	8.0	9.2	HEAT-BIT-HIT-BEAT	V.C.O.
180.0	5.0	8.0	10.4	Victory of the Century	BEMANI Sound Team "TAG"
180.0	5.0	9.7	10.7	AIR RAID FROM THA UNDAGROUND	GUHROOVY
180.0	6.0	8.0	10.2	POSSESSION (BEMANI SYMPHONY Arr.)	TAG underground × 中村 康隆 + gaQdan
180.0	6.0	9.2	10.6	Midnight City Warfare	sky_delta
180.0	6.0	9.2	10.7	AIR RAID FROM THA UNDAGROUND [ 2 ]	GUHROOVY
180.0	6.0	10.4	10.6	DIAMOND CROSSING	S-C-U vs L.E.D.
180.0	7.0	9.5	10.6	天空の華	S-C-U × U1 overground
180.0	7.0	9.6	10.7	Lost Dream	Tatsunoshin
180.0	10.4	10.5	10.7	Megalara Garuda	SYUNN
181.0	3.0	4.0	7.0	ふりぃ	阿部真央
181.0	3.0	6.0	8.0	Paradise Has No Border	東京スカパラダイスオーケストラ
181.0	4.0	7.0	8.0	Four Leaves	Endorfin.
181.0	4.0	7.0	10.1	I'm so Happy [ 2 ]	Ryu☆
181.0	4.0	8.0	9.2	Sakura Sunrise	Ryu☆
181.0	4.0	8.0	10.2	I'm so Happy	Ryu☆
181.0	5.0	7.0	9.4	Mynarco	positive MAD-crew
181.0	5.0	8.0	9.5	Sakura Sunrise [ 2 ]	Ryu☆
182.0	2.0	4.0	8.0	Boom! Boom! ヘブン	BRADIO
182.0	2.0	5.0	8.0	Straight Oath	矢鴇つかさ feat. 三澤秋
182.0	2.0	5.0	9.1	テレキャスタービーボーイ	すりぃ
182.0	2.0	7.0	8.0	Secret Word	GOLLBETTY
182.0	3.0	6.0	7.0	cloche	Qrispy Joybox
182.0	3.0	6.0	8.0	LISTEN TO THE STEREO!!	GOING UNDER GROUND
182.0	3.0	6.0	9.0	月影小町	駄々子
182.0	3.0	7.0	9.0	たからもの	セリカ＆エリカ
182.0	3.0	7.0	9.2	オリオンをなぞる	UNISON SQUARE GARDEN
182.0	3.0	7.0	9.3	それは花火のような恋	夏色バーニングラブ☆Prim
182.0	3.0	7.0	10.2	Laughin' Muffin	Gowrock
182.0	4.0	7.0	8.0	RePrise	SHOGO
182.0	4.0	7.0	9.4	heron	S-C-U
182.0	4.0	8.0	10.0	December Breeze	dj silverberg
182.0	4.0	8.0	10.4	mathematical good-bye	三代目 ADULTIC TEACHERS feat. BEMANI Sound Team "スコーピオン志村"
182.0	4.0	8.0	10.5	ススススペースハリネズミ	S-C-U
182.0	5.0	9.1	10.4	プレインエイジア -PHQ remix-	PHQUASE
183.0	2.0	5.0	7.0	シルエット	KANA-BOON
183.0	2.0	6.0	8.0	閃光のPRISONER	南里侑香
183.0	3.0	5.0	9.0	think about you	HaKU
183.0	3.0	8.0	9.8	TRIUMPH	AJURIKA
183.0	4.0	6.0	8.0	STARLIT DUST/スティルに捧ぐ	Des-ROW + ANT
183.0	4.0	7.0	9.0	バリ3共和国	でんぱ組.inc
184.0	2.0	6.0	9.0	RIGHT NOW	GOOD4NOTHING
184.0	2.0	7.0	9.0	From Noon Till Dawn feat.Tabu Zombie & Kunikazu Tanaka	ストレイテナー
184.0	3.0	6.0	8.0	つぼみ	達見 恵 featured by 佐野宏晃
184.0	3.0	6.0	9.1	つぼみ [ 2 ]	達見 恵 featured by 佐野宏晃
184.0	3.0	7.0	8.0	Love♥km	dj TAKA feat. REN
184.0	3.0	8.0	10.0	天嘩乱舞	栗須承之介
184.0	4.0	6.0	8.0	ビビットストリーム	DJ TOTTO
184.0	4.0	7.0	9.3	ここからよろしく大作戦143	BEMANI Sound Team "あさき隊"
184.0	4.0	7.0	9.4	Love♥km [ 2 ]	dj TAKA feat. REN
184.0	4.0	7.0	9.8	Toy Robot Factory	MARON (IOSYS)
184.0	4.0	7.0	10.3	Catapulted Arch	BEMANI Sound Team "person09"
185.0	1.0	7.0	8.0	V.I.P	シド
185.0	2.0	4.0	8.0	光のロック	サンボマスター
185.0	2.0	6.0	9.0	茶渋シンドローム	みゅい
185.0	2.0	7.0	9.0	「善悪の彼岸」	小南泰葉
185.0	3.0	6.0	8.0	Sorrows	Asako Yoshihiro
185.0	3.0	6.0	9.3	水月鏡花のコノテーション	日向美ビタースイーツ♪
185.0	3.0	7.0	9.1	トリカゴノ鳳凰	L.E.D. Vs. 幽閉サテライト
185.0	3.0	7.0	9.2	TWINKLE♡HEART	jun
185.0	3.0	7.0	10.0	GOLD	UVERworld
185.0	3.0	8.0	10.3	トリカゴノ鳳凰 [ 2 ]	L.E.D. Vs. 幽閉サテライト
185.0	4.0	7.0	8.0	日進月歩	Jeepta
185.0	4.0	7.0	9.1	めうめうぺったんたん！！	日向美ビタースイーツ♪
185.0	4.0	7.0	9.8	Chocolate Planet	Freezer feat.妃苺
185.0	4.0	7.0	10.3	Help me, ERINNNNNN!!	ビートまりお
185.0	4.0	7.0	10.4	DUAL STRIKER	Mayumi Morinaga,Fernweh by BEMANI Sound Team "L.E.D. & HuΣeR"
185.0	4.0	8.0	9.3	Lost wing at.0	猫叉Master+
185.0	4.0	8.0	9.5	メズマライザー	サツキ
185.0	4.0	8.0	10.0	アキネイション	ビートまりお（COOL&CREATE）
185.0	4.0	8.0	10.1	Phlox	Sota Fujimori 2nd Season
185.0	4.0	8.0	10.2	We're so Happy [ 2 ]	Ryu☆
185.0	4.0	8.0	10.4	HEAVENLY MOON	Tatsh
185.0	4.0	8.0	10.6	Hades Doll	BEMANI Sound Team "Power Of Nature"
185.0	4.0	9.1	10.5	BLACK or WHITE?	BlackYooh vs. siromaru
185.0	5.0	7.0	10.1	ALBIDA	DJ YOSHITAKA
185.0	5.0	7.0	10.2	archive::zip	kamome sano
185.0	5.0	8.0	10.2	HEAVENLY MOON [ 2 ]	Tatsh
185.0	5.0	8.0	10.4	We're so Happy	Ryu☆
185.0	5.0	9.3	10.2	チックタック＠ラビリンス	Tanchiky
185.0	5.0	9.7	10.6	POSSESSION	TAG underground
185.0	6.0	8.0	10.6	Evans	DJ YOSHITAKA
185.0	6.0	10.4	10.7	Confiserie	L.E.D. vs S-C-U
186.0	3.0	7.0	9.0	turn into white	BEMANI Sound Team "S-C-U & TATSUYA"
186.0	3.0	7.0	9.1	Mono Logic	DJ NAGAI feat. Ayumi Nomiya
186.0	3.0	7.0	9.3	星座が恋した瞬間を。	BEMANI Sound Team "DJ TOTTO feat.MarL"
186.0	3.0	7.0	9.6	ロプノールの商隊	Akhuta
186.0	3.0	8.0	10.1	SUPER HEROINE!!	Amateras Records vs BEMANI Sound Team "TATSUYA" feat. Miko
186.0	4.0	8.0	10.6	Niflheimr	Qrispy Joybox
186.0	5.0	8.0	10.3	Hollywood Galaxy	dj TAKA
186.0	6.0	9.1	10.5	Valanga	DJ TOTTO
186.0	6.0	9.2	10.3	glacia	DJ TOTTO
186.0	6.0	9.5	10.6	glacia [ 2 ]	DJ TOTTO
187.0	4.0	7.0	8.0	くちばしにチェリー	EGO-WRAPPIN'
187.0	4.0	8.0	10.3	スーパー戦湯ババンバーン	すわひでお,秋成,かぼちゃ,藍月なくる,NU-KO by BEMANI Sound Team "八戸亀生羅"
187.0	5.0	7.0	9.4	エキサイティング！！も・ちゃ・ちゃ☆	日向美ビタースイーツ♪
187.0	5.0	8.0	10.4	RHYZING BEAT	PHQUASE
187.0	5.0	9.0	10.5	パピポペピプペパ	P*Light
187.0	7.0	10.4	10.4	yellow head joe	S-C-U
188.0	2.0	6.0	8.0	アンビバレント	Eve
188.0	3.0	6.0	8.0	大迷惑	UNICORN
188.0	3.0	6.0	9.4	ホーンテッド★メイドランチ	日向美ビタースイーツ♪
188.0	3.0	6.0	9.7	POINT ZERO	猫叉Master+
188.0	3.0	7.0	9.1	恋愛観測	NU-KO
188.0	3.0	7.0	9.7	TRUE♥LOVE	jun feat.Schanita
188.0	3.0	8.0	9.5	Giant Otter Family	S-C-U
188.0	4.0	6.0	8.0	Twinkle Wonderland	Qrispy Joybox feat.Sana
188.0	4.0	6.0	9.3	Snowfield Express	TIME CAPSULE Lab.
188.0	4.0	7.0	10.5	Trill auf G	BEMANI Sound Team "dj TAKA"
188.0	4.0	8.0	9.7	Engraved Mark	Ryu☆∞DesROW
188.0	4.0	8.0	10.0	Cosmic Hurricane	TAG
188.0	4.0	8.0	10.4	EXUSIA	L.E.D.-G
188.0	5.0	7.0	10.6	Super GERO GE-RO	S-C-U
188.0	5.0	8.0	9.8	PRANA	TAG
188.0	6.0	7.0	9.5	AREA 51	96
189.0	1.0	6.0	10.3	Drenched in Air	Camellia ft. Ninomae Ina'nis
189.0	2.0	5.0	9.1	Milchstraße	Buluka & Nilo
189.0	3.0	6.0	9.8	雨ノチHello	TLION69
189.0	4.0	7.0	10.4	Arena Deiporta	BEMANI Sound Team "Akhuta Works"
189.0	4.0	8.0	10.3	Dynasty	Yooh
190.0	2.0	6.0	9.4	GRADIUS Ⅱ　～ ビーストメドレー ～	Sota Fujimori
190.0	3.0	5.0	7.0	Fantasista	Dragon Ash
190.0	3.0	5.0	9.1	アモ	八月二雪
190.0	3.0	6.0	7.0	a fact of life	FACT
190.0	3.0	6.0	8.0	A Dance & A Beer	REDEMPTION 97
190.0	3.0	6.0	9.0	Switch On!	土屋アンナ
190.0	3.0	6.0	10.2	Our Love	lapix
190.0	3.0	7.0	8.0	No pain, No game	ナノ
190.0	3.0	7.0	9.3	全力ハッピーライフ	森羅万象
190.0	3.0	7.0	10.1	お米の美味しい炊き方、そしてお米を食べることによるその効果。	大日本鉄倶楽部【あさき&96】
190.0	3.0	7.0	10.2	Lava Flow [ 2 ]	BEMANI Sound Team "S-C-U & SYUNN"
190.0	3.0	7.0	10.3	Sacrifice for Justice	RoughSketch
190.0	3.0	7.0	10.4	nightbird lost wing	猫叉Master+
190.0	4.0	5.0	8.0	非公開日誌	みきとP feat.GUMI
190.0	4.0	6.0	8.0	robin	S-C-U
190.0	4.0	6.0	9.0	パンダヒーロー	ハチ
190.0	4.0	6.0	9.2	robin [ 2 ]	S-C-U
190.0	4.0	7.0	8.0	ちょちょちょ！ゆるゆり☆かぷりっちょ！！！	七森中☆ごらく部
190.0	4.0	7.0	9.0	MEGA SHAKE IT !	キュウソネコカミ
190.0	4.0	7.0	9.6	Boss Rush	USAO
190.0	4.0	7.0	10.3	No Rule Adventure	nora2r
190.0	4.0	7.0	10.4	Catch Our Fire!	中島由貴
190.0	4.0	7.0	10.5	brown hawk owl	BEMANI Sound Team "S-C-U"
190.0	4.0	8.0	9.6	ZED	USAO
190.0	4.0	8.0	9.8	Big Daddy	USAO
190.0	4.0	8.0	10.3	ヘンゼルとグレーテル	RoughSketch ft.Aikapin & Chiyoko
190.0	4.0	8.0	10.4	TSAR BOMBA	L.E.D.
190.0	4.0	9.1	10.4	恋 No リセットゲーム!!!!!	DJ Genki feat. ななひら,yukacco,藍月なくる
190.0	4.0	9.4	10.5	New York EVOLVED	NC underground
190.0	5.0	6.0	9.2	squall	猫叉Master+
190.0	5.0	7.0	8.0	Happy	Sota Fujimori
190.0	5.0	8.0	9.1	athletic meet of sound toy	Mr.T
190.0	5.0	8.0	10.0	ケッペキショウ	すこっぷ feat.GUMI
190.0	5.0	8.0	10.1	Timberwolves	S-C-U
190.0	5.0	8.0	10.2	†渚の小悪魔ラヴリィ～レイディオ†	夏色ビキニのPrim
190.0	5.0	8.0	10.3	Metsysralos	庭師
190.0	5.0	8.0	10.4	encounter	猫叉Master+
190.0	5.0	8.0	10.5	BEAT-NEW-WORLD	ビートまりお（COOL&CREATE）
190.0	5.0	8.0	10.6	Cleopatrysm	ピラミッ℃
190.0	5.0	8.0	10.7	Beastie Starter	GUHROOVY
190.0	5.0	9.1	10.4	マツヨイナイトバグ	ビートまりおとまろん
190.0	6.0	8.0	10.3	†渚の小悪魔ラヴリィ～レイディオ† [ 2 ]	夏色ビキニのPrim
190.0	6.0	9.3	10.8	Duality	BEMANI Sound Team "Yvya"
190.0	6.0	9.4	10.6	Capitalism Cannon	O2i3
190.0	6.0	9.4	10.7	veRtrageS	Riz vs. Shiron
190.0	6.0	9.5	10.7	Sol Cosine Job 2	DJ TECHNORCH
190.0	6.0	9.6	10.5	concon	S-C-U
190.0	6.0	9.6	10.7	pedigree	BEMANI Sound Team "S-C-U"
190.0	7.0	10.2	10.9	1116	BEMANI Sound Team "Dustup"
190.0	8.0	9.5	10.5	toy boxer	BEMANI Sound Team "S-C-U & SYUNN"
191.0	2.0	5.0	7.0	歩いて帰ろう	斉藤和義
191.0	2.0	5.0	9.1	BLUE DRAGON	青龍
191.0	3.0	6.0	10.4	Grand Chariot	xi
191.0	3.0	7.0	10.0	Just Awake	Fear,and Loathing in Las Vegas
191.0	3.0	8.0	10.5	檄	Ryu☆ feat.青龍
191.0	4.0	7.0	9.7	幸せが鳴る夜に	PAN
191.0	4.0	8.0	9.1	Water Horizon	青龍
192.0	3.0	6.0	7.0	タイムラグ	つしまみれ
192.0	3.0	7.0	9.0	Born to be	ナノ
192.0	3.0	7.0	9.3	日天悦扇紊舞	Akhuta
192.0	4.0	7.0	9.0	ファントムヴァイブレーション	キュウソネコカミ
192.0	4.0	7.0	9.3	SAVIOR OF SONG（feat. MY FIRST STORY）	ナノ
192.0	4.0	7.0	9.5	ポチコの幸せな日常	NU-KO
192.0	4.0	8.0	9.4	僕は空気が嫁ない	cosMo@暴走P
192.0	4.0	8.0	10.6	FUJIN Rumble	COSIO（ZUNTATA）「グルーヴコースター」より
192.0	5.0	7.0	8.0	SILVER☆DREAM	jun
192.0	5.0	9.2	10.4	朧月覆う雲をも裂きぬ	かめりあ feat. 藍月なくる
192.0	6.0	8.0	10.5	愛は不死鳥の様に	真紅の薔薇の騎士Prim
193.0	3.0	6.0	7.0	Now Loading!!!!	fourfolium
193.0	4.0	7.0	8.0	Supernova	9mm Parabellum Bullet
193.0	4.0	7.0	9.4	幻想系世界修復少女 [ 2 ]	Last Note.
193.0	5.0	7.0	8.0	幻想系世界修復少女	Last Note.
194.0	2.0	5.0	9.3	Magical electrica	キノシタ
194.0	3.0	5.0	7.0	キスしてほしい	中ノ森BAND
194.0	3.0	7.0	8.0	B・M・W	SNAIL RAMP
194.0	3.0	7.0	9.3	Just Believe	小寺可南子
194.0	4.0	7.0	10.2	革命パッショネイト	日向美ビタースイーツ♪
194.0	4.0	8.0	9.7	逆ナンされたのにドタキャン!!	good-cool ft. すわひでお
195.0	2.0	7.0	8.0	MAGICAL SUMMER SMILE	wac feat. VENUS
195.0	3.0	6.0	8.0	New World	FELT
195.0	3.0	6.0	9.0	Heart of Gold	Alice Nine
195.0	3.0	7.0	9.0	インフェルノ	9mm Parabellum Bullet
195.0	3.0	7.0	10.2	拙者拙者拙者拙者	ヒゲドライバー & ゆよゆっぺ
195.0	3.0	8.0	9.4	天国と地獄	Mutsuhiko Izumi
195.0	4.0	7.0	10.3	フレッフレー♪熱血チアガール	裏マドンナだ！Primちゃん
195.0	4.0	8.0	10.3	Gott	Hommarju
195.0	4.0	8.0	10.5	此岸の戯事	Akhuta
195.0	5.0	6.0	7.0	恋のメリーゴーランド	森野くま子
195.0	5.0	7.0	10.3	Cosminflation	山本真央樹
195.0	5.0	8.0	10.6	Spirit of the Beast	ikaruga_nex fw.tcheb
196.0	1.0	3.0	6.0	Signs and Wonders	ネオン(CV:藤川茜)、芽兎めう(CV:五十嵐裕美)
196.0	3.0	7.0	8.0	snow prism	Qrispy Joybox
196.0	3.0	7.0	9.2	Move That Body	Expander
196.0	4.0	7.0	10.1	ビューティフル レシート	Lucky Vacuum
196.0	4.0	8.0	9.1	Mr.REAPER	ekaΩ feat.ロクナナハチ
196.0	4.0	8.0	10.3	Triple Cross	BEMANI Sound Team"dj TAKA & DJ YOSHITAKA & SYUNN"
196.0	4.0	8.0	10.5	Insanity: Luna	BEMANI Sound Team "SYUNN"
196.0	5.0	8.0	9.3	チョコレートスマイル	日向美ビタースイーツ♪ & ここなつ
196.0	5.0	8.0	10.4	Insanity: Sol	BEMANI Sound Team "Yvya"
197.0	3.0	5.0	8.0	おにけもだんす	いろはにほへっと あやふぶみ（白上フブキ、百鬼あやめ、大神ミオ）
197.0	3.0	6.0	10.4	I LOVE COSMOS	CHERRY BLOSSOMS (ASAKI & wac)
197.0	4.0	8.0	10.5	Singularity	xi
197.0	6.0	9.3	10.7	Glitter Flatter Scatter	Project B-
198.0	3.0	6.0	9.7	輪廻の鴉	BEMANI Sound Team "dj TAKA"
198.0	3.0	7.0	10.4	Reincarnation Of Dead Petal	BEMANI Sound Team "Akhuta Works"
198.0	4.0	6.0	10.0	運命	No.5 Orchestra
198.0	4.0	9.5	10.7	IX	dj TAKA VS DJ TOTTO feat.藍
198.0	5.0	7.0	8.0	Jumping Boogie	Kozo Nakamura
199.0	4.0	7.0	10.2	neu	少年ラジオ
199.0	4.0	7.0	10.4	ラクガキスト	cosMo＠暴走P feat.GUMI
199.0	5.0	9.9	10.7	QQ	BEMANI Sound Team "PHQUASE & ZAQUVA"
200.0	2.0	5.0	9.0	滅亡天使 † にこきゅっぴん	日向美ビタースイーツ♪
200.0	2.0	7.0	8.0	シャカビーチ～Laka Laka la～	UVERworld
200.0	2.0	8.0	9.1	思想犯	ヨルシカ
200.0	3.0	5.0	8.0	天ノ弱	164 feat. GUMI
200.0	3.0	6.0	8.0	LANA - キロクノカケラ (sasakure.UK Framework Remix) -	TOMOSUKE×Jazzin'park
200.0	3.0	6.0	10.1	Midsummer Madness	Hommarju
200.0	3.0	7.0	8.0	創世ノート	PON+wac
200.0	3.0	7.0	9.0	不可逆リプレイス	MY FIRST STORY
200.0	3.0	7.0	10.2	ユメブキ	紫崎 雪,Risa Yuzuki,709sec. by BEMANI Sound Team "PHQUASE & SYUNN"
200.0	3.0	8.0	9.5	ケムマキunderground	t+pazolite feat. リズナ
200.0	3.0	8.0	10.1	New Decade	Sota F.
200.0	4.0	6.0	7.0	Life Connection	world sequence
200.0	4.0	6.0	8.0	ピースサイン	米津玄師
200.0	4.0	6.0	9.0	ベビーステップ	ここなつ
200.0	4.0	6.0	9.1	白い雪のプリンセスは	のぼる↑
200.0	4.0	6.0	9.2	カタルシスの月	日向美ビタースイーツ♪
200.0	4.0	6.0	9.5	白い雪のプリンセスは [ 2 ]	のぼる↑
200.0	4.0	7.0	9.1	最終鬼畜妹フランドール・S	ビートまりお（COOL&CREATE）
200.0	4.0	7.0	9.2	鋳鉄の檻	小寺可南子,ランコ,SARAH by BEMANI Sound Team "Yvya"
200.0	4.0	7.0	9.3	ホメ猫☆センセーション	P*Light feat. mow
200.0	4.0	7.0	9.6	Life Connection [ 2 ]	world sequence
200.0	4.0	7.0	9.8	天ノ弱 [ 2 ]	164 feat. GUMI
200.0	4.0	7.0	10.0	びいすと！	ビートまりおとARM
200.0	4.0	7.0	10.4	ランカーキラーガール	中島由貴 × いちか
200.0	4.0	7.0	10.5	manticore	BEMANI Sound Team "Amber"
200.0	4.0	8.0	9.6	分けるな危険！モモモモモモーイズム	ARM×狐夢想 feat. 桃井はるこ
200.0	4.0	8.0	9.8	狂髪天を撫でて綴れ雲の綻び　五体北風に散りて痕も無し	BEMANI Sound Team "Akhuta Works"
200.0	4.0	8.0	10.0	恋する☆宇宙戦争っ!!	Prim
200.0	4.0	8.0	10.2	Unicorn tail Dustboxxxx RMX	Dustboxxxx
200.0	4.0	8.0	10.3	chaplet [ 2 ]	DJ TOTTO
200.0	4.0	8.0	10.4	創世ノート [ 2 ]	PON+wac
200.0	4.0	9.2	9.8	Triple Journey -S-C-U EDITION-	Triumvirate
200.0	4.0	9.2	10.2	Angelic Jelly	t+pazolite
200.0	4.0	9.3	10.2	chaplet	DJ TOTTO
200.0	5.0	7.0	8.0	Snow Goose	Mutsuhiko Izumi
200.0	5.0	7.0	9.7	anemone	S-C-U feat. Qrispy Joybox
200.0	5.0	8.0	10.0	過食性:アイドル症候群	スズム feat.GUMI & MAYU
200.0	5.0	8.0	10.3	Metamorphic	BEMANI Sound Team "Sota Fujimori"
200.0	5.0	8.0	10.4	voxel star arise	ああああ
200.0	5.0	8.0	10.5	Red Goose	Mutsuhiko Izumi
200.0	5.0	8.0	10.6	アガット	Bazole
200.0	5.0	8.0	10.7	ドーパミン	U1 overground
200.0	5.0	9.0	10.4	Go Beyond!!	Ryu☆ Vs. Sota
200.0	5.0	9.1	10.0	爆なな☆てすとロイヤー	ARM feat.ななひら
200.0	5.0	9.2	10.1	雪女	かねこちはる
200.0	5.0	9.3	10.7	[ ]DENTITY	BEMANI Sound Team "HuΣeR"
200.0	5.0	9.5	10.6	リリーゼと炎龍レーヴァテイン	黒猫ダンジョン
200.0	5.0	9.6	10.7	CHERNOBOG	漆黒のEBONY
200.0	6.0	8.0	10.3	Lachryma《Re:Queen’M》 (BEMANI SYMPHONY Arr.)	かねこちはる × Morrigan + gaQdan
200.0	6.0	9.5	10.8	Stand Alone Beat Masta	GUHROOVY
200.0	7.0	10.5	10.9	Crackpot Evangelist	BEMANI Sound Team "ZAQUVA"
200.0	8.0	10.4	10.9	Thanatøs	RoughSketch
201.0	4.0	8.0	10.1	Idola	iconoclasm feat.GUMI
201.0	7.0	9.2	10.6	世界の果てに約束の凱歌を -jubeat edition-	かめりあ
202.0	4.0	7.0	10.1	きらきらタイム☆	さわわ
202.0	4.0	8.0	10.2	crêpe suzette	kamome sano
202.0	5.0	9.2	10.6	24/7 Popperz	Power Of Nature
204.0	2.0	5.0	8.0	スイーツはとまらない♪	日向美ビタースイーツ♪
204.0	2.0	6.0	8.0	東京テディベア	Neru
204.0	3.0	6.0	7.0	SPEED KING	Rip Slyme
204.0	4.0	7.0	9.3	星宿る空の下で	Akhuta
204.0	4.0	7.0	9.5	枝に結ぶ願い [ 2 ]	Akhuta
204.0	4.0	8.0	9.6	枝に結ぶ願い	Akhuta
205.0	3.0	5.0	9.0	マトリョシカ	ハチ
205.0	3.0	6.0	9.0	ViViD	May'n
205.0	3.0	8.0	9.1	10,000,000,000	TAG feat. 96
205.0	4.0	7.0	9.3	ちくわパフェだよ☆CKP	日向美ビタースイーツ♪
205.0	4.0	7.0	9.5	R.P.G.～Rockin' Playing Game	SuG
205.0	4.0	8.0	10.5	Lisa-RICCIA	DJ YOSHITAKA
205.0	5.0	7.0	10.4	Daily Lunch Special [ 2 ]	Lucky Vacuum
205.0	5.0	8.0	10.3	Daily Lunch Special	Lucky Vacuum
205.0	5.0	8.0	10.4	ちくわパフェだよ☆ＣＫＰ (Yvya Remix)	Remixed by BEMANI Sound Team "Yvya"
206.0	3.0	7.0	9.1	水槽のクジラ	テヅカ feat. 大西あみみ
206.0	3.0	7.0	9.8	タンポポ	豚乙女
206.0	4.0	6.0	9.5	フラッター現象の顛末と単一指向性の感情論	日向美ビタースイーツ♪
207.0	4.0	7.0	9.0	レゾンデートル、前線より	中島由貴
208.0	2.0	5.0	8.0	ドリームキャッチャー	アイくるガールズ
208.0	4.0	7.0	8.0	FRIENDSHIP	PON
208.0	5.0	9.1	10.2	バンブーソード・ガール	cosMo@暴走P
208.0	7.0	10.2	10.9	XENOViA	BlackY
209.0	2.0	6.0	8.0	a burning bullet	LAST ALLIANCE
210.0	2.0	5.0	8.0	Dong! Dong!	Star☆T
210.0	2.0	7.0	9.2	ゴーストルール	DECO*27
210.0	2.0	7.0	9.6	されど奇術師は賽を振る	嘘とカメレオン
210.0	3.0	5.0	9.0	双星ルミネセンス	一舞 ＆ 夏陽
210.0	3.0	6.0	9.0	hammer ska	10-FEET
210.0	3.0	6.0	9.6	DRAGON KILLER	96 vs. Mutsuhiko Izumi
210.0	3.0	6.0	10.4	Against the vulgar aggressor	GUHROOVY
210.0	4.0	6.0	8.0	イブの時代っ！	日向美ビタースイーツ♪
210.0	4.0	7.0	8.0	Rush!!	kors k feat. 吉河順央
210.0	4.0	7.0	9.1	乙女繚乱 舞い咲き誇れ	日向美ビタースイーツ♪
210.0	4.0	7.0	9.3	超人ひじりのエアマッソー	IOSYS feat. ビートまりお
210.0	4.0	7.0	9.5	少年リップルズ	常盤ゆう
210.0	4.0	8.0	10.3	Don't believe the hype	DJ Mass Mad Izm* feat.H14(LEONAIR)
210.0	6.0	8.0	10.7	Insanity	BEMANI Sound Team "SYUNN & Yvya"
210.0	6.0	9.2	10.6	Prey	BEMANI Sound Team "Dustup"
212.0	3.0	6.0	7.0	猫がニャ～て、犬がワンッ!	neco眠る with 二階堂和美
212.0	4.0	8.0	10.2	Plan 8	Ryu☆
212.0	5.0	8.0	10.6	Elemental Creation	dj TAKA meets DJ YOSHITAKA
212.0	6.0	9.6	10.6	VOLAQUAS -GITADO ROCK ver.-	BEMANI Sound Team "DJ TOTTO VS 兎々"
212.0	7.0	9.7	10.6	VOLAQUAS	BEMANI Sound Team "DJ TOTTO VS 兎?"
214.0	3.0	5.0	7.0	LANA - セカイノハズレ -	TOMOSUKE×Jazzin'park
214.0	3.0	8.0	10.0	僕らの時間	テヅカ feat. 大西あみみ
214.0	5.0	7.0	10.4	スノーホワイト	RoughSketch
215.0	3.0	5.0	8.0	最終回STORY	MY FIRST STORY
216.0	4.0	7.0	9.6	虹の先に何があるか	あさき
216.0	6.0	9.2	10.4	Triple Counter	DJ YOSHITAKA meets dj TAKA
217.0	3.0	6.0	8.0	My HERO	04 Limited Sazabys
217.0	3.0	7.0	9.1	デンノウス・キルズ	cosMo＠暴走P feat.初音ミク
217.0	4.0	7.0	10.6	ゆめのかなたで	かめりあ
220.0	2.0	7.0	8.0	以心伝心	Little Blue boX
220.0	3.0	5.0	8.0	Ψです I LIKE YOU	でんぱ組.inc
220.0	3.0	5.0	9.5	Thank You Merry Christmas	VENUS
220.0	3.0	6.0	8.0	Morning Glory	(K)NoW_NAME
220.0	4.0	6.0	8.0	Ready Go!!	荒牧陽子
220.0	4.0	7.0	9.0	シープドリーミン	テヅカ feat. 大西あみみ
220.0	4.0	8.0	10.4	Devil’s Rule	BEMANI Sound Team "Yvya"
220.0	4.0	8.0	10.6	Crack Traxxxx	Lite Show Magic (t+pazolite vs C-Show)
220.0	5.0	7.0	10.3	最小三倍完全数	DJ TECHNORCH
220.0	5.0	8.0	10.6	One More Reason	GUHROOVY
220.0	5.0	9.4	10.5	Gray Heaven	かめりあ
222.0	4.0	8.0	10.4	White Stream	BEMANI Sound Team "ZAQUVA"
222.0	5.0	9.6	10.6	きたさいたま2000	LindaAI-CUE（BNGI）「太鼓の達人」より
224.0	6.0	9.2	10.7	THE LAST OF FIREFACE	大和
225.0	2.0	5.0	9.0	放課後ストライド	Last Note.
225.0	4.0	7.0	10.3	voltississimo	BEMANI Sound Team "PHQUASE"
225.0	7.0	9.5	10.8	I	黒魔
226.0	5.0	8.0	10.3	Ice Candy Coaster	irucaice / いるかアイス
228.0	4.0	8.0	10.0	嘘憑きとサルヴァドール	小南泰葉
228.0	9.4	9.6	10.3	Diastrophism	かめりあ
230.0	3.0	6.0	8.0	グローランプ	banbi
230.0	3.0	7.0	8.0	Determination	柊木りお
230.0	4.0	6.0	8.0	HEART BEAT FORMULA	TAG
230.0	4.0	6.0	9.5	8 -eight-	Tom-H@ck feat.Nadia
230.0	4.0	8.0	9.6	炎のDiargos	Mutsuhiko Izumi
230.0	5.0	7.0	9.4	晴天Bon Voyage	TOMOSUKE × seiya-murai feat. ALT
230.0	5.0	9.7	10.5	Nature (jubeat version)	Mutsuhiko Izumi
230.0	7.0	9.7	10.9	RAISE YOUR HEADS UP	GUHROOVY
232.0	4.0	6.0	9.6	Afterimage d'automne	BEMANI Sound Team "猫叉劇団"
237.0	5.0	8.0	10.2	VERTeX	Hiro「maimai」より
238.0	2.0	5.0	8.0	this storyends	winnie
240.0	4.0	8.0	10.0	MEGALOVANIA	Toby Fox
240.0	6.0	8.0	9.8	KINGWORLD	白上フブキ
240.0	7.0	9.5	10.7	灰の羽搏	かめりあ feat. かめりあ
244.0	5.0	8.0	10.2	€omet popcorn	pan
246.0	5.0	9.5	10.3	Ignis Danse	Yuji Masubuchi「太鼓の達人」より
250.0	2.0	7.0	9.0	X-Plan	Tom-H@ck feat.Nadia
250.0	4.0	8.0	9.5	GO! GO! MANIAC	放課後ティータイム
250.0	5.0	6.0	9.7	Jailbreak	Kozo Nakamura
252.0	4.0	5.0	8.0	ドーナツホール	ハチ
255.0	3.0	8.0	9.7	STATIC	164 feat.GUMI
256.0	4.0	6.0	9.7	Plum	肥塚良彦
256.0	4.0	8.0	9.4	恋はどう？モロ◎波動OK☆方程式!! ～めう edition～	日向美ビタースイーツ♪
256.0	5.0	9.5	10.5	Garakuta Doll Play	t+pazolite 「maimai」より
260.0	3.0	5.0	9.0	HEKIREKI	LAST ALLIANCE
260.0	4.0	8.0	9.4	Rock The Club	Expander
265.0	5.0	6.0	10.5	DOUBLE IMPACT	DOUBLE IMPACT
266.0	5.0	7.0	10.6	Got more raves？	E.G.G.「グルーヴコースター」より
268.0	4.0	7.0	9.7	Jetcoaster Windy	BEMANI Sound Team "dj TAKA" feat.のの
270.0	4.0	8.0	10.6	Never Look Back in Sorrow [ 2 ]	AIKO OI
270.0	5.0	8.0	10.5	Never Look Back in Sorrow	AIKO OI
276.0	3.0	7.0	9.2	LIKE A VAMPIRE	koyomi,星野奏子 by BEMANI Sound Team "TAKA"
277.0	3.0	8.0	9.2	HYDRA	96
280.0	3.0	7.0	10.3	COSMIC SYMPHONY	OSTER project
280.0	3.0	8.0	9.8	ギザバ怪文書	cosMo@暴走P
280.0	5.0	7.0	10.5	量子の海のリントヴルム	黒猫ダンジョン
298.0	7.0	9.5	10.7	Hopeful Frontier!!!	cosMo＠暴走P
300.0	3.0	7.0	8.0	eyes	小野秀幸
334.0	6.0	8.0	10.5	Rampage☆Rag	かめりあ
